Object_ID,Target_Class,Speed_mps,Altitude_m,Latitude,Longitude,Heading_deg,Pitch_deg,Roll_deg,Yaw_deg,Climb_Rate_mps,Acceleration_mps2,Turn_Rate_degps,Range_From_Radar_km,Bearing_deg,Radar_Cross_Section_m2,Doppler_Shift_Hz,Signal_to_Noise_Ratio_dB,Radar_Return_Strength,Infrared_Intensity,Engine_Type,Heat_Signature,Length_m,Wingspan_m,Estimated_Mass_kg,Flight_Profile,Maneuverability_Index,Max_G_Load,Weather,Visibility_km,Wind_Speed_mps,Temperature_C,Humidity_pct,Radar_Band,Sensor_Type,Detection_Time_ms,Tracking_Confidence,Track_Age_s,Number_of_Tracks,Electronic_Jamming,Chaff_Flares_Detected,Stealth_Category,Threat_Level,Target_Label
1,Fighter,696.8,5852.4,-37.63556,113.87207,66,11.8,20.1,98,-3.2,10.38,18.41,14.3,105,8.24,24795,23.1,0.814,Low,Jet,High,22,59.3,95383,Combat,1,12,Storm,23.3,14.4,28.5,65,C,AWACS,394,0.921,424.5,85,Strong,No,Low,Medium,Fighter
2,Ballistic Missile,5885.9,13959.4,-58.73083,-9.28546,46,2.8,16.7,173,44.8,3.82,16.65,165.1,2,43.99,427,16.4,0.443,Low,Rocket,Very High,24.3,21.6,161974,Ballistic,3,5,Storm,25.5,22.6,12.2,45,X,AESA,500,0.787,377.2,170,Moderate,Yes,Medium,Low,Ballistic Missile
3,Ballistic Missile,5628.7,24157.9,59.19047,-124.66971,232,13.4,46.7,320,28.1,15.11,20.17,340.2,176,6.69,-32634,21.5,0.336,Low,Rocket,Very High,47.2,34.8,135328,Ballistic,4,23,Fog,15.9,15.6,-11.7,31,X,Ground Radar,119,0.626,18.1,175,Weak,Yes,Medium,Medium,Ballistic Missile
4,Hypersonic Missile,3103.7,16673.7,-52.63082,64.04288,34,-14.1,-45.4,75,3.9,6.44,13.01,142.7,109,5.04,-4505,10,0.437,Very High,Scramjet,Very High,49.3,1.7,178650,Glide,5,29,Clear,3.4,21.9,42.8,33,L,IRST,372,0.836,116.6,51,Weak,No,High,High,Hypersonic Missile
5,Helicopter,49.7,6239.7,47.15456,-154.08216,172,-4.3,22.3,53,32.6,2.46,27.98,56.4,107,26.88,-26723,16,0.931,Medium,Turboshaft,Medium,14.3,39.8,104292,Hover,9,13,Storm,27.5,1.2,-7,76,S,AESA,477,0.703,206.5,169,Moderate,Yes,Medium,High,Helicopter
6,Cruise Missile,267.1,42719.7,-35.16979,20.20592,279,-19.6,54.7,326,-38.6,-1.4,2.19,57.9,327,43.01,-15305,30.5,0.625,Very High,Turbojet,Medium,24.3,21.9,78345,Terrain Following,9,23,Clear,29.9,10,1.2,34,L,IRST,54,0.823,209,56,,No,Low,Medium,Cruise Missile
7,Helicopter,67.1,45189.2,-16.04484,29.61123,197,3.1,3.5,291,-29,0.97,3.14,203.8,204,16.6,-49850,18.1,0.729,High,Turboshaft,Medium,23.2,52,139360,Hover,9,9,Clear,3.9,3.3,31.6,100,S,Ground Radar,455,0.856,124.9,127,Moderate,Yes,Medium,Medium,Helicopter
8,Transport Aircraft,241.5,27913.4,-56.17634,-85.64968,353,-16.9,-8.4,289,-23.6,18.97,1.27,253.3,69,30.56,-33518,8.9,0.885,Low,Turbofan,High,29.4,12,24851,Cruise,8,28,Rain,23.3,19.5,-10.4,18,X,IRST,107,0.751,255,73,,Yes,High,Medium,Transport Aircraft
9,Helicopter,40.1,4346.4,37.28945,49.40156,191,-13.3,-54.5,120,-10.6,9.74,16.96,56.3,96,45.79,7892,34,0.829,Low,Turboshaft,Medium,37.1,51.1,123849,Hover,10,5,Storm,21.7,12.3,-12.7,49,S,Ground Radar,367,0.626,131.5,154,Strong,Yes,Low,High,Helicopter
10,Hypersonic Missile,2161.5,36353.2,43.61576,-8.76853,182,2,59.5,225,8.6,-0.92,27.85,120.9,323,16.21,-15825,18.8,0.339,Very High,Scramjet,Very High,50,6.2,2072,Glide,4,18,Rain,2.3,13.4,30.3,46,S,IRST,42,0.687,70,56,,Yes,Low,Medium,Hypersonic Missile
11,Cruise Missile,195.8,8615.6,32.81176,-169.41098,223,-18.6,55.1,97,-37.5,-1.54,3.06,131,60,22.83,47759,32.9,0.339,Low,Turbojet,Medium,27,13.9,134910,Terrain Following,10,14,Fog,29.7,16,-2.2,49,C,IRST,495,0.661,174.7,151,Strong,Yes,Low,Low,Cruise Missile
12,Hypersonic Missile,2274.5,4927.6,-53.43253,-68.92533,3,-2.5,-15.7,255,-3.4,1.97,11.2,68.3,353,17.75,-21602,22.2,0.846,Very High,Scramjet,Very High,47.5,11.2,53101,Glide,1,14,Storm,19.3,8.9,-9,88,C,AWACS,207,0.872,443.7,68,Moderate,No,High,High,Hypersonic Missile
13,Ballistic Missile,6912.5,8570.3,48.51832,-7.06693,107,13.3,38.9,327,47.2,3.79,22.57,243.3,54,45.67,-9847,10.9,0.182,Very High,Rocket,Very High,16.5,47.8,173087,Ballistic,3,14,Storm,15.9,0.3,7.2,45,C,Ground Radar,16,0.955,357.6,10,Strong,Yes,High,High,Ballistic Missile
14,Transport Aircraft,186.9,1492.6,-45.54142,164.04277,172,-8.1,-29.8,163,-17.6,17.76,12.15,83.6,182,21.32,37933,8.6,0.424,High,Turbofan,High,35.2,36.4,100651,Cruise,5,8,Rain,11.8,6.3,-18.7,34,C,AESA,230,0.514,578.6,2,Moderate,Yes,Medium,Medium,Transport Aircraft
15,UAV,33.7,36610,-19.80032,-133.32591,226,-16.5,14.7,327,12.7,16.12,0.39,204.8,209,1.78,-11402,13.3,0.131,High,Electric,Low,27.7,41.2,1540,Loiter,10,4,Fog,16.6,20.2,26.3,73,S,IRST,170,0.669,456.4,98,,No,Low,Medium,UAV
16,Transport Aircraft,190.3,31787.1,-15.0738,-148.60527,284,3.5,-16,271,-11.1,0.45,23.33,276.4,347,20.74,46354,15.7,0.468,Very High,Turbofan,High,10.8,43.4,71808,Cruise,1,30,Rain,29.6,7.5,44.8,72,C,AWACS,419,0.795,421.1,35,Strong,No,Medium,Medium,Transport Aircraft
17,Hypersonic Missile,2770,25817.7,-6.78715,93.87272,4,-7.7,-14,18,-38.1,19.3,20.6,221.8,196,4.59,-22849,39.5,0.202,High,Scramjet,Very High,22,12.4,37240,Glide,3,15,Clear,22.6,16.5,24.3,43,S,Ground Radar,201,0.51,112.3,11,Weak,Yes,Low,High,Hypersonic Missile
18,Hypersonic Missile,3288.5,5933.7,25.90671,-161.05809,23,-6.4,-6.4,131,26.4,10.93,10.39,389.1,291,19.41,27437,6.3,0.575,Medium,Scramjet,Very High,47.4,18.1,70141,Glide,1,25,Rain,15.8,18.4,-6.5,86,L,Ground Radar,19,0.66,10.8,108,,No,High,Medium,Hypersonic Missile
19,Cruise Missile,234.3,33226,57.51725,-162.35165,342,-8,27.3,248,-27.4,7.99,16.92,59.4,327,47.77,-25068,10.8,0.174,Very High,Turbojet,Medium,46.3,45.4,185133,Terrain Following,1,21,Fog,17.3,5.2,-5.1,63,S,AESA,445,0.514,463.7,17,Strong,No,Low,High,Cruise Missile
20,Cruise Missile,205.3,22236.6,4.72589,148.04099,313,-7.9,-10.9,343,23.8,16.69,12.96,255.8,287,16,-36751,31.5,0.769,High,Turbojet,Medium,39.1,20.9,138640,Terrain Following,1,14,Fog,30,9.9,0.3,72,X,Ground Radar,305,0.636,571,34,Weak,No,Medium,High,Cruise Missile
21,Helicopter,52.5,44461.8,-15.37328,61.42,58,3.3,13.7,8,27.4,1.08,8.21,269.5,127,3.02,32085,8.3,0.777,Medium,Turboshaft,Medium,34.4,46.4,189477,Hover,8,12,Clear,30,17.7,11.3,16,S,AESA,212,0.507,573.1,164,Weak,Yes,Medium,Medium,Helicopter
22,Fighter,534.8,2934.7,28.58711,53.76256,38,-7.4,-15.6,134,19.7,4.49,1.95,336.6,290,40.67,-22123,22.7,0.429,Low,Jet,High,46.9,54.1,171754,Combat,4,29,Clear,15.6,21.7,-19.5,15,S,AWACS,175,0.915,449.7,188,Weak,No,Medium,Low,Fighter
23,Helicopter,58.6,8124.9,47.0566,30.86823,279,4,39.9,278,0.2,10.56,1.22,170.6,161,16.91,1919,17.7,0.428,Medium,Turboshaft,Medium,34.3,53.3,115560,Hover,9,8,Storm,5.2,13.2,-14.3,28,X,AESA,16,0.867,327,108,,Yes,High,Medium,Helicopter
24,Ballistic Missile,2781.7,17926.9,-11.90139,-92.66904,332,-8.2,11.9,120,23.8,12.95,12.84,337.9,213,21.33,-18165,31.3,0.364,Very High,Rocket,Very High,48.9,6.4,158585,Ballistic,2,4,Clear,29.3,19.1,40.9,75,L,AESA,28,0.884,27.5,32,Moderate,Yes,Low,High,Ballistic Missile
25,Ballistic Missile,4373,42993.4,-34.1987,-139.67716,36,1.7,-14.9,52,-18.9,19.45,21.75,350.4,323,22.21,38880,36.8,0.589,High,Rocket,Very High,2.6,5,164775,Ballistic,10,25,Fog,13.1,18.9,32.4,47,S,Ground Radar,59,0.541,457.2,100,Weak,Yes,Low,Low,Ballistic Missile
26,UAV,44,45871.2,48.48116,37.22888,245,-7.8,-31,196,-36.1,15.77,2.53,87.9,232,8.76,25758,34,0.557,High,Electric,Low,22.3,20.6,165642,Loiter,7,26,Storm,13.9,11.9,8.6,45,X,Ground Radar,304,0.981,276.8,139,,Yes,Low,Medium,UAV
27,Helicopter,53.7,23822.5,59.07866,-119.92311,55,10.5,43.7,24,-37.1,10.47,27.63,385,194,36.62,-41025,29.4,0.353,High,Turboshaft,Medium,30.3,25.5,59978,Hover,4,30,Fog,9.1,2.1,5.2,26,C,IRST,433,0.57,452.4,77,,No,High,Low,Helicopter
28,Hypersonic Missile,2034.2,15704.6,-34.63815,-0.13814,181,-1.9,59.4,350,-10.2,13.2,12.91,276.8,229,8.99,-34555,25.2,0.943,Very High,Scramjet,Very High,27,15.6,65750,Glide,6,2,Clear,4.5,12.2,-12.4,66,C,AESA,199,0.803,23.3,195,,No,Low,Medium,Hypersonic Missile
29,Fighter,482.8,2708.5,-27.54903,-122.34042,355,9.6,-44.3,91,-7,19.86,29.35,195.5,232,2,24129,8.1,0.648,Medium,Jet,High,48.9,23.4,82992,Combat,5,2,Fog,26.3,20.7,8.5,29,C,IRST,475,0.722,197.7,177,,No,Low,Low,Fighter
30,Fighter,217.4,44312.1,32.86966,99.07771,102,2.2,2.9,27,-35.4,-0.13,8.41,298.3,175,15.09,-10957,17.5,0.666,Very High,Jet,High,28.7,41.2,5774,Combat,6,5,Storm,22.4,7.1,13.4,41,L,IRST,484,0.597,59.8,166,Moderate,No,High,Medium,Fighter
31,Transport Aircraft,212.6,32259.2,38.65296,-154.94706,351,-7.4,26.7,352,46.1,13.76,26.38,297.5,322,33.1,23377,17,0.487,Low,Turbofan,High,8.7,17.5,120960,Cruise,10,3,Fog,10.9,0.4,-9.3,63,S,Ground Radar,32,0.551,320.4,66,,Yes,High,Medium,Transport Aircraft
32,Transport Aircraft,221.1,46617.9,37.93517,-12.65853,292,0.7,-12.9,100,15.5,6.26,17.06,367.3,159,20.97,-9109,11.6,0.309,Very High,Turbofan,High,48.8,34.5,33381,Cruise,2,18,Clear,10.1,23.1,-11.3,94,C,Ground Radar,30,0.585,142.2,152,Strong,Yes,High,Low,Transport Aircraft
33,Hypersonic Missile,1940.5,6458.9,55.7086,7.47093,167,-17.6,-52.9,348,17,-3.74,11.44,4.7,9,48.28,-11577,12.2,0.824,Medium,Scramjet,Very High,11.2,23.1,77870,Glide,5,18,Fog,4.4,4.3,-18.6,37,L,IRST,86,0.837,331.4,27,Moderate,Yes,Low,Medium,Hypersonic Missile
34,Cruise Missile,278.7,15520.6,-2.847,26.31404,246,-7.4,0.2,184,7.9,6.08,1.79,393.1,201,3.21,-28318,19.9,0.759,Low,Turbojet,Medium,44.5,51.3,71807,Terrain Following,6,24,Storm,29.2,14.9,19.3,70,S,AWACS,306,0.61,410.8,87,,No,High,Medium,Cruise Missile
35,Hypersonic Missile,2674,26806.8,-24.03362,47.08494,250,-0.9,-3,96,-20.3,-1.03,16.59,360.9,28,24.79,4373,8.6,0.126,Low,Scramjet,Very High,37.2,8.1,150993,Glide,9,10,Storm,13.4,11.3,26.1,70,X,IRST,370,0.701,111.7,25,Weak,Yes,Low,Low,Hypersonic Missile
36,Helicopter,43.3,25509,5.10833,-131.1829,303,-12.8,-11.5,157,-24,2.48,19.71,29.3,75,22.36,43555,29.8,0.068,Very High,Turboshaft,Medium,9.1,8.1,183846,Hover,7,26,Fog,16.2,3.4,-16.8,11,X,Ground Radar,323,0.644,234.7,167,Strong,Yes,High,Medium,Helicopter
37,Helicopter,45.5,24640.7,43.52872,12.7734,257,-0.1,51.1,41,-10.4,19.85,22.49,308.8,358,18.22,-315,24.7,0.28,Very High,Turboshaft,Medium,11.8,9,89521,Hover,10,12,Rain,19.8,11.8,-17.6,55,L,AESA,267,0.508,262.7,152,,No,Low,High,Helicopter
38,Fighter,423.3,43317.7,59.58963,-165.43088,286,-15.5,-47.8,20,44.4,9.66,14.71,330.6,97,15.68,-28658,22.2,0.808,High,Jet,High,9.3,26,47241,Combat,10,26,Rain,7.7,20.3,-9.3,88,S,AWACS,311,0.855,93.5,74,Moderate,No,High,Low,Fighter
39,Ballistic Missile,2980.6,34402.8,18.84071,39.95094,155,-6,28.8,111,-8.7,12.92,22.69,178.2,250,24.75,-7265,39.3,0.572,Low,Rocket,Very High,45.9,51.4,100394,Ballistic,6,21,Fog,26.4,12.1,-19.5,19,S,Ground Radar,448,0.926,400.9,154,Weak,No,Medium,High,Ballistic Missile
40,UAV,76.8,39134.4,23.70409,152.17186,331,-7.2,-25.4,329,-10.2,-0.91,25.37,13,138,20.81,-44920,9.8,0.42,Very High,Electric,Low,16,44.2,161847,Loiter,6,18,Fog,17.2,9.9,30.4,68,C,AESA,394,0.606,559.6,78,Strong,Yes,Medium,Medium,UAV
41,Transport Aircraft,242,46099.7,-3.53983,61.244,56,-14,12.7,347,-46.3,9.63,26.72,161.5,91,29.4,-23318,38.1,0.393,Very High,Turbofan,High,27.1,26.2,72328,Cruise,2,30,Clear,14,17.2,-18.2,16,C,AWACS,466,0.967,439.5,78,Weak,No,Medium,Medium,Transport Aircraft
42,Transport Aircraft,188.4,32102.1,-37.18427,64.81271,178,-2,34,300,18.2,6.9,16.56,250.2,172,16.23,-33369,20,0.034,Low,Turbofan,High,29.9,21.5,60277,Cruise,6,24,Fog,20,14.4,41.9,39,C,AWACS,60,0.832,45.9,71,,No,Medium,Medium,Transport Aircraft
43,Fighter,533.6,16869.5,3.85785,-88.3713,154,-3.1,49.7,158,-0.4,-0.85,12.48,114.9,33,9.27,-35030,26.8,0.331,Medium,Jet,High,16.7,42,87230,Combat,5,5,Fog,26.5,3,-2.1,32,L,AWACS,433,0.7,212.9,150,Weak,No,Low,High,Fighter
44,Hypersonic Missile,1833.4,17610.9,-44.87561,81.85657,327,-19.9,-5,352,36,16.06,27.37,111.9,266,43.04,9475,29.4,0.679,Low,Scramjet,Very High,25.9,40.6,161804,Glide,2,11,Clear,1.9,13.7,-19.8,26,C,Ground Radar,427,0.922,138.5,177,Moderate,Yes,High,Medium,Hypersonic Missile
45,Fighter,614.3,4887.1,2.85989,-27.47895,56,11,47.4,341,-27,5.77,2.87,252,262,29.21,25261,29.5,0.243,Very High,Jet,High,33,35,1861,Combat,5,28,Clear,3.8,9.4,26.1,33,C,AWACS,134,0.954,86.3,151,Strong,Yes,Low,High,Fighter
46,Transport Aircraft,203.2,8331.1,0.05591,-36.42534,71,-10.5,54,84,7.9,-3.38,25.03,235,247,9.46,-18625,39.7,0.408,High,Turbofan,High,44.3,6.8,39584,Cruise,6,7,Storm,26.2,8.1,23.6,98,L,IRST,112,0.823,418.6,192,Moderate,No,High,Medium,Transport Aircraft
47,Cruise Missile,237.3,16181,-38.55088,121.237,199,17.8,30.9,5,-9.7,-3.33,3.01,395.4,79,3.53,15295,26.2,0.195,Very High,Turbojet,Medium,22.2,52,125018,Terrain Following,7,3,Storm,21.9,13.8,18.4,41,C,IRST,158,0.615,215.8,101,Strong,No,Low,Medium,Cruise Missile
48,Transport Aircraft,240.7,20118,8.88863,148.22691,97,10.1,23.9,60,-44.4,-2.68,12.8,10.8,96,25.24,-43868,12,0.37,High,Turbofan,High,27.4,43.5,11250,Cruise,5,3,Clear,20.5,13.6,-17.7,61,L,Ground Radar,163,0.537,294.8,199,,No,Low,Low,Transport Aircraft
49,Ballistic Missile,5951.4,15185.8,18.04032,121.37504,178,-8.9,-39.6,292,39.5,16.81,2.23,1.3,273,0.25,19497,35.3,0.073,Medium,Rocket,Very High,26.9,14.2,173364,Ballistic,2,2,Clear,12.3,16.6,4,85,S,AWACS,337,0.897,524.9,149,Moderate,Yes,High,Medium,Ballistic Missile
50,Helicopter,54.1,32868.3,4.99445,-0.76853,1,5.6,-2.4,133,9.5,5.72,18.69,42.8,211,48.18,38238,5.5,0.496,Low,Turboshaft,Medium,9.7,18.1,110704,Hover,8,6,Rain,10.5,16.6,19,28,C,Ground Radar,15,0.916,44.4,43,,Yes,Medium,Medium,Helicopter
51,Cruise Missile,229.1,19629,-7.64284,109.16993,245,2.5,-4.1,346,48.5,3.24,1.66,392,99,4.25,-11115,36.5,0.644,High,Turbojet,Medium,31.5,8,194675,Terrain Following,2,23,Rain,18.4,23.7,-1.3,75,S,IRST,467,0.948,512.7,82,Strong,Yes,Low,Low,Cruise Missile
52,Ballistic Missile,5702.3,33793.6,-13.49335,92.53125,50,-3.8,48,14,-26.8,9.62,5.11,78.8,224,20.65,32908,16.2,0.182,Medium,Rocket,Very High,29.4,2.7,100991,Ballistic,9,24,Clear,5.2,5.9,28.4,12,S,AWACS,327,0.967,456.3,115,Weak,Yes,High,High,Ballistic Missile
53,Helicopter,79.4,42266.7,-4.08247,-147.78657,86,15,21.2,217,-9.4,11.03,17.4,369.4,240,25.14,-37051,18.4,0.793,Low,Turboshaft,Medium,5.6,17.3,74044,Hover,1,21,Rain,21.4,18.3,-2,55,C,Ground Radar,166,0.669,224.9,80,Moderate,Yes,Low,High,Helicopter
54,Transport Aircraft,185.5,30878.7,3.4383,104.78478,107,-10.1,34.4,161,23.3,1.36,3.95,139.7,93,44.98,-93,28,0.463,High,Turbofan,High,32.1,22.4,144378,Cruise,6,6,Storm,10,6.4,-16.2,17,X,AESA,302,0.647,308.2,112,,No,High,High,Transport Aircraft
55,Transport Aircraft,199.9,28130.6,-42.26144,-81.94013,301,8.9,23.6,159,-32.7,17.31,8.58,314.6,208,30.48,3681,24.2,0.837,Low,Turbofan,High,14.2,41.9,28329,Cruise,10,23,Clear,20.9,12.7,27.8,95,S,AESA,468,0.776,262.3,13,Moderate,Yes,Low,Medium,Transport Aircraft
56,Helicopter,53,40160.2,58.92982,-13.93229,349,-18.8,48.2,330,27.6,4.38,4.54,214.2,74,36.37,-23787,5.6,0.029,High,Turboshaft,Medium,23.8,14.9,47096,Hover,7,28,Rain,13.1,11,16.3,47,X,IRST,485,0.557,283.5,45,Moderate,Yes,Low,Medium,Helicopter
57,Helicopter,81,26779,56.57395,-146.71168,225,1.7,29.4,182,-18.1,10.17,22.1,160.8,73,12.26,-48710,16.4,0.318,Medium,Turboshaft,Medium,40,36.7,47013,Hover,4,11,Rain,11.8,12.9,-0.4,33,X,Ground Radar,435,0.722,299.9,170,Weak,Yes,Medium,Low,Helicopter
58,Ballistic Missile,4798.4,31432.9,-55.27869,7.68625,175,-7.8,-14.2,333,3.5,12.81,12.91,347.2,212,9.11,2303,5.4,0.978,Very High,Rocket,Very High,10.9,22,21254,Ballistic,8,14,Fog,27.1,4.1,-6.4,20,C,AWACS,347,0.949,201.7,85,,Yes,Medium,High,Ballistic Missile
59,UAV,26.4,49448.6,-28.37128,7.01485,350,5.6,9.2,71,18.7,9.56,1.89,241.8,164,24.36,-18582,37,0.638,Very High,Electric,Low,25.3,56.7,64529,Loiter,4,13,Clear,2.9,3.4,9.2,81,L,Ground Radar,125,0.877,531.8,38,,No,Low,High,UAV
60,Transport Aircraft,197.7,18975,-58.63385,50.26126,144,-13.9,-33.1,353,-21.6,13.16,29.65,93.7,281,20.64,-44120,25,0.518,Medium,Turbofan,High,29.2,52.1,13991,Cruise,6,9,Storm,27.4,2.6,44.5,29,L,IRST,488,0.83,350.5,9,Weak,No,Low,Medium,Transport Aircraft
61,Fighter,589.8,37160.5,10.13755,-116.27612,110,-3.7,10.3,230,12.8,16.44,21.57,277.9,264,10.92,-19972,17.7,0.921,High,Jet,High,24.1,28.6,100401,Combat,1,14,Storm,8.5,19,-19,44,C,IRST,65,0.977,544,45,Moderate,Yes,Medium,High,Fighter
62,Cruise Missile,250.9,25821.8,-53.31532,-126.88603,354,-11,28.3,255,-47.8,6.65,19.5,199.3,330,33.32,-37025,27.5,0.789,Medium,Turbojet,Medium,49.4,2.8,36787,Terrain Following,8,7,Clear,5.8,13,25.4,91,L,IRST,226,0.763,489.4,7,,No,Low,Medium,Cruise Missile
63,Ballistic Missile,2531.4,43315.4,15.47911,-149.52945,107,2.8,-57.5,282,23.3,0.54,28.34,144.2,342,36.53,-1827,5.6,0.05,Low,Rocket,Very High,3.4,40.6,56874,Ballistic,6,20,Rain,12.8,14.2,0.6,17,X,AWACS,435,0.985,358.4,81,Strong,Yes,Medium,High,Ballistic Missile
64,Ballistic Missile,4507.9,43559,-28.56849,80.99132,77,-15.3,52.3,186,41.7,17.58,28.06,33.8,287,20.02,-23604,20.2,0.889,High,Rocket,Very High,11.3,14.5,60931,Ballistic,1,20,Storm,9.9,21.9,13.5,27,L,AWACS,79,0.944,360.4,98,Moderate,Yes,Medium,High,Ballistic Missile
65,Fighter,355.8,48694.1,-13.60107,106.4826,97,-12,-25.8,190,27.6,-0.44,9.02,124.1,1,0.81,-32397,28.4,0.889,Low,Jet,High,19.2,43.4,109929,Combat,3,4,Rain,25.2,5.4,-17.5,69,X,IRST,437,0.838,441.5,9,Strong,No,Medium,Medium,Fighter
66,Fighter,433.6,14846.3,43.88959,179.37504,20,-6.9,-26.3,110,8.2,5.75,8.11,51.1,209,47.57,25086,35.1,0.705,High,Jet,High,13.2,33.2,147019,Combat,3,15,Storm,27.3,16.1,-10.5,27,C,Ground Radar,417,0.902,574,49,Strong,Yes,High,Low,Fighter
67,Helicopter,58.3,36071.3,-33.26659,-146.04604,141,6,-7.7,136,-28.4,15.67,20.78,126.7,112,23.65,-42903,30.5,0.048,Medium,Turboshaft,Medium,30.2,50.1,100934,Hover,2,16,Clear,21.1,15.6,31.5,35,X,IRST,64,0.505,173,183,Moderate,Yes,High,Medium,Helicopter
68,Ballistic Missile,6304.2,48125.9,59.17691,51.12331,83,11.3,5.2,257,0.7,9.27,5.32,390.8,135,48.5,-6682,6,0.115,High,Rocket,Very High,33.5,35,152086,Ballistic,6,27,Fog,17.3,24.8,23.9,39,X,AESA,392,0.527,15.1,171,Moderate,Yes,High,Low,Ballistic Missile
69,Helicopter,68,49408.9,-28.35549,113.09455,339,13.8,57.5,24,-12,17.66,20.01,149.5,81,25.87,-24255,11.7,0.275,High,Turboshaft,Medium,5.4,12.1,9031,Hover,4,7,Storm,6.5,8.1,44.2,80,C,AESA,12,0.848,6.8,50,,No,High,Low,Helicopter
70,Cruise Missile,258.5,28194.4,30.52367,100.41974,285,-5.9,12.9,342,7.5,17.15,23.63,326.7,89,49.88,39574,16.2,0.096,Low,Turbojet,Medium,10.5,46.9,41029,Terrain Following,8,4,Rain,21.5,20.6,32.7,37,S,AESA,386,0.967,309,108,Moderate,Yes,High,High,Cruise Missile
71,Hypersonic Missile,3317.6,12281.6,-45.93419,-12.75265,106,-19.4,-27.3,234,43.5,-3.66,29.44,269.7,112,15.99,-31825,17.7,0.44,Very High,Scramjet,Very High,23.8,13,57905,Glide,10,10,Clear,23,22.7,-1.8,60,C,IRST,483,0.901,18.6,82,Strong,No,Medium,Low,Hypersonic Missile
72,Hypersonic Missile,2947,26744,53.6499,134.73742,192,14.4,57.9,288,-43.8,7.71,15.76,116.3,348,32.81,21191,28,0.454,Low,Scramjet,Very High,48.9,1.2,45233,Glide,10,16,Clear,9.7,5.9,-2.4,12,S,IRST,166,0.626,517.2,146,,Yes,High,Low,Hypersonic Missile
73,Ballistic Missile,3581.8,30367.8,-50.03477,-97.8146,267,10.2,-59.6,90,20.8,4.97,5.26,16.8,206,9.15,3804,5.9,0.646,High,Rocket,Very High,41.5,8.8,3181,Ballistic,5,30,Rain,25.3,20.7,28.2,99,S,AWACS,227,0.606,553.6,109,Moderate,Yes,Low,Low,Ballistic Missile
74,UAV,36.7,598,-12.64952,68.23048,226,3.7,-5.5,321,37.8,19.98,7.54,105.5,26,41.73,-25707,11.7,0.907,Low,Electric,Low,46,7.7,82097,Loiter,6,20,Storm,24.2,12.6,27.4,35,C,AWACS,92,0.889,581.9,34,Weak,Yes,High,Medium,UAV
75,Cruise Missile,202.7,13449.7,-43.66969,25.75897,140,11.1,7.5,281,-14.7,18.11,26.89,337.4,304,5.49,25899,18.4,0.037,Medium,Turbojet,Medium,22.3,57,56206,Terrain Following,5,23,Rain,10.9,1.2,-2.7,44,X,Ground Radar,167,0.6,532,10,,No,High,High,Cruise Missile
76,Cruise Missile,204.7,30680.3,-45.94794,-106.44268,265,-18.2,37.6,8,17.9,2.52,1.27,193.2,53,29.89,-28535,15.5,0.526,High,Turbojet,Medium,34.1,20.6,165719,Terrain Following,7,3,Storm,10,4.3,1.9,91,X,AWACS,31,0.774,168.4,48,Moderate,Yes,Medium,Low,Cruise Missile
77,Fighter,296.1,44106.7,30.08423,-12.03901,212,17.5,10.8,89,-8,14.81,20.68,99.2,356,32.51,26996,33.2,0.662,Low,Jet,High,4.2,14.3,168940,Combat,7,14,Fog,14,6.3,-9,20,S,IRST,135,0.786,597.8,115,Moderate,Yes,High,Medium,Fighter
78,Fighter,213.2,25590.2,30.5632,-53.82354,253,10.9,-6.7,222,-6.5,13.69,6.48,131.9,191,18.01,-41121,15.1,0.724,Very High,Jet,High,49.2,41.1,137027,Combat,7,11,Fog,27,8.7,8.8,86,X,AESA,74,0.81,526.9,63,Strong,No,Low,High,Fighter
79,Helicopter,67.2,12134.8,53.41273,113.60609,97,19.6,-54.9,313,-1.5,16.27,26.62,116.7,88,11.44,-34768,11.6,0.78,Low,Turboshaft,Medium,8.3,13.2,152527,Hover,7,22,Storm,22.6,23,-19.2,67,X,IRST,163,0.894,515.8,167,Moderate,Yes,High,Medium,Helicopter
80,Hypersonic Missile,2494.7,23928.4,28.38847,-19.86428,138,-19.9,-26.5,3,40.6,14.11,25.65,313.7,53,3.59,-48251,33.3,0.625,Low,Scramjet,Very High,3.5,50.2,149784,Glide,9,16,Clear,19.7,4.6,20.1,70,X,AESA,72,0.821,476.4,127,Strong,Yes,Medium,Medium,Hypersonic Missile
81,Hypersonic Missile,3370.4,47153.5,19.95614,89.18435,323,16.7,51.2,237,28.7,17.88,4.41,342.8,14,22.26,42090,13.7,0.742,Very High,Scramjet,Very High,19.2,32.1,99970,Glide,5,20,Fog,19.3,20.4,1.1,37,L,Ground Radar,89,0.713,199.6,195,Weak,No,Medium,Low,Hypersonic Missile
82,Helicopter,78.9,37982.4,35.73044,-123.54959,293,17.5,50.6,77,24.8,-0.58,3.24,96.1,23,7.91,-535,25.9,0.827,High,Turboshaft,Medium,49.2,17.3,159473,Hover,6,17,Clear,6.2,13.2,37,81,C,Ground Radar,242,0.786,349.2,164,Moderate,Yes,Low,Medium,Helicopter
83,Cruise Missile,208.2,42195.7,29.14765,-47.68534,234,-15.1,3.5,70,-25.7,-4.66,14.12,262.3,111,10.54,-33898,11.2,0.207,Medium,Turbojet,Medium,49.3,28.7,128652,Terrain Following,2,6,Clear,23.7,7.1,-7.8,24,L,Ground Radar,275,0.514,531.4,126,,No,Medium,High,Cruise Missile
84,Hypersonic Missile,1944.2,29010.4,-34.28247,86.41022,123,15.7,-48.5,317,3,4.33,18.83,392,60,25.56,-43721,23.3,0.618,Medium,Scramjet,Very High,20.5,33,136721,Glide,10,16,Fog,9.4,12.2,31.5,48,C,AWACS,293,0.73,34.4,80,Weak,No,High,Low,Hypersonic Missile
85,Transport Aircraft,185.6,2425.7,-0.06287,-52.96289,6,-5.2,12.8,125,-8.3,6,21.95,295.3,102,10.6,-20161,27,0.471,Very High,Turbofan,High,27.2,29.5,114286,Cruise,10,23,Clear,19.8,13.1,29.8,81,L,IRST,402,0.882,594.1,128,Weak,No,High,Low,Transport Aircraft
86,UAV,22.6,29564.6,-26.9233,-171.93071,89,9.3,-1.2,61,32.5,8.54,11.21,232.1,286,6.33,29961,25.4,0.25,Very High,Electric,Low,26,47.7,7539,Loiter,2,3,Storm,11.3,23.5,35.5,57,C,Ground Radar,449,0.801,165.5,21,Weak,No,Low,High,UAV
87,Fighter,219.7,36277.6,-24.40817,5.85348,203,17.7,48.4,13,29.8,2.94,12.83,191.7,286,29.99,-39669,35.9,0.762,Very High,Jet,High,42.7,38.9,128689,Combat,2,4,Clear,13,18.7,44.8,18,S,Ground Radar,157,0.819,156.1,24,Weak,Yes,Low,High,Fighter
88,Transport Aircraft,202,6515,-17.49939,-83.89668,15,-2.7,-5.7,270,-47.9,5.29,0.16,373.1,31,9.76,21863,5,0.113,Low,Turbofan,High,39.1,27.7,70806,Cruise,10,16,Rain,8.2,10.9,0.9,91,C,AWACS,34,0.83,325.5,110,,Yes,Medium,Medium,Transport Aircraft
89,Ballistic Missile,3918.8,1308.6,-23.51502,55.97003,108,5.4,7.6,217,-25.6,0.37,18.96,262.3,183,45.89,-46545,18.6,0.747,Medium,Rocket,Very High,46.6,15.2,99594,Ballistic,4,21,Storm,25.5,2.7,-14.9,67,S,AESA,201,0.64,344.5,95,,No,High,High,Ballistic Missile
90,Hypersonic Missile,3095.5,18457.9,-20.79975,-136.47407,347,9.8,53.3,349,48.7,-2.1,29.22,193.5,304,9.36,1868,11.7,0.817,High,Scramjet,Very High,4.5,13.7,72004,Glide,5,5,Storm,14.9,0.4,-6.4,76,X,IRST,180,0.68,446.3,103,Weak,Yes,Low,Medium,Hypersonic Missile
91,UAV,46.1,40027.3,-43.10228,-112.44525,28,4.5,-9,49,30.8,-2.19,26.44,69.2,10,5.46,44210,13.4,0.319,High,Electric,Low,4.2,57.5,162606,Loiter,7,18,Fog,1.2,6.1,-6.3,92,S,AWACS,38,0.522,141.3,4,,Yes,High,Medium,UAV
92,Fighter,254.2,46652.5,-9.84329,-178.59421,126,-16.8,57.5,326,34,7.51,22.56,261.8,114,32.18,10494,26.4,0.478,Very High,Jet,High,12.3,44.9,3835,Combat,6,30,Rain,14.6,22.1,-5.9,27,C,IRST,14,0.776,486.1,130,,Yes,Medium,Medium,Fighter
93,Ballistic Missile,2466.5,18020.4,-56.9225,170.34463,341,8.7,-54,29,22,-4.63,8.89,54.7,291,13.12,11745,13.1,0.99,High,Rocket,Very High,16.5,53.3,8526,Ballistic,6,8,Fog,4.4,3.7,-15.6,85,C,IRST,54,0.836,252.7,125,Strong,No,High,High,Ballistic Missile
94,Helicopter,86.1,24639.5,8.72696,115.84426,348,-2.6,-42.1,121,12.4,-3.41,19.01,279.2,350,0.67,-29593,19.7,0.343,Low,Turboshaft,Medium,36.1,51.8,148961,Hover,9,28,Storm,25.9,20.4,3.6,74,L,IRST,129,0.804,79.1,65,Weak,No,High,High,Helicopter
95,Cruise Missile,180.4,28266.7,-19.91098,85.90429,345,9.7,-3.7,209,-40.7,19.38,19.66,152.3,234,21.58,-47842,11.8,0.333,Low,Turbojet,Medium,20.8,19.7,66115,Terrain Following,8,9,Fog,5,19.9,41.5,24,L,AESA,272,0.97,460.3,79,Strong,No,Medium,High,Cruise Missile
96,Fighter,328.3,2505.6,-55.17467,-57.56311,265,-4.7,-36.8,165,14.4,-0.21,20.02,21.3,265,6.35,34902,16.8,0.37,Medium,Jet,High,13.7,16.9,97891,Combat,1,27,Rain,20.1,17.9,41.6,100,S,Ground Radar,347,0.882,449.4,101,Weak,Yes,High,Medium,Fighter
97,Helicopter,67,26154.9,48.63962,-125.98836,160,0.8,54.8,34,27.5,7.88,15.04,142.5,273,1.94,-13866,37.6,0.328,Medium,Turboshaft,Medium,41.2,45.5,45773,Hover,4,17,Rain,7,15.3,31.8,22,C,AWACS,437,0.939,69.4,106,Strong,Yes,Medium,Low,Helicopter
98,Helicopter,52.7,11035.8,-50.53928,67.24106,215,-5.2,46.2,35,9.4,8.43,11.83,116.9,203,42.83,12058,24,0.765,Low,Turboshaft,Medium,31,49.5,185847,Hover,9,23,Clear,14.3,14.9,26.7,89,X,AWACS,174,0.623,20.8,188,Moderate,Yes,Medium,Medium,Helicopter
99,Hypersonic Missile,3339,14885.3,20.60877,117.80761,132,-17.6,-48.5,23,8.4,18.68,0.25,180.3,334,47.14,-37239,37.9,0.002,Medium,Scramjet,Very High,4.8,46.1,23587,Glide,9,22,Clear,28.7,18.7,29.4,90,S,AESA,82,0.77,114.1,118,Moderate,No,Medium,Medium,Hypersonic Missile
100,Transport Aircraft,250.8,15020.8,-6.04802,-165.988,125,-6.8,-36.4,188,28.2,8.82,17.82,172.7,334,37.97,-23690,25.2,0.259,Medium,Turbofan,High,41.4,13.2,19769,Cruise,2,5,Rain,11.2,24,22.3,23,X,IRST,34,0.833,554.7,160,Weak,Yes,Low,Medium,Transport Aircraft
101,Hypersonic Missile,3195.5,49102.2,-24.1508,-178.36673,132,7.8,12,355,14.5,-4.88,16.62,190.6,228,7.96,-21922,23.4,0.169,High,Scramjet,Very High,42.2,15.6,166401,Glide,7,20,Storm,23.1,16.3,32.2,71,C,Ground Radar,400,0.905,399.9,64,,No,Medium,High,Hypersonic Missile
102,Hypersonic Missile,1993.2,30981.6,16.68515,-53.30923,314,6.9,-40.4,14,-33.5,3.41,18.67,203.6,190,10.5,11274,31,0.876,Medium,Scramjet,Very High,27.4,10.8,174704,Glide,10,3,Fog,20.5,22.4,-12.2,63,S,AWACS,135,0.953,1.1,1,Moderate,Yes,Medium,Low,Hypersonic Missile
103,Hypersonic Missile,1981.8,17713.2,-40.61879,153.61545,213,-7.5,-10.3,248,-45.3,-1.12,25.51,130,249,43.04,3345,31.8,0.965,Medium,Scramjet,Very High,24.7,9.5,60129,Glide,5,4,Clear,26.8,8.5,24.5,81,L,AWACS,95,0.566,277.1,115,Moderate,No,Low,Medium,Hypersonic Missile
104,Helicopter,68.8,46498.7,-51.8782,-89.42467,314,-9.3,-41.5,119,32.1,14.64,10.01,44.2,220,43.63,18497,25.4,0.754,Medium,Turboshaft,Medium,34.8,55.2,75526,Hover,7,11,Clear,18.8,5.2,5.6,18,C,AESA,210,0.856,234.3,197,Strong,No,Medium,High,Helicopter
105,Cruise Missile,279.9,43478.7,58.71592,-38.41142,183,7.9,34.3,118,-6.7,1.63,15.72,121.9,350,13.28,-37631,16.2,0.409,Very High,Turbojet,Medium,4.3,26.3,171260,Terrain Following,9,25,Storm,27.8,22.9,24.6,29,X,Ground Radar,440,0.905,36.2,155,,Yes,Low,Low,Cruise Missile
106,Fighter,331.7,28734.8,-2.73361,-158.0059,262,-17.9,10.9,274,-46.5,12.41,10.47,159.5,159,2.1,-4479,21.5,0.223,Low,Jet,High,16,47.8,123242,Combat,2,10,Storm,5.8,22.6,9.6,56,C,IRST,396,0.888,580.2,25,Moderate,No,High,High,Fighter
107,Fighter,248.7,14811.7,41.90378,-51.55849,80,-19.2,6.5,235,-45.7,0.99,5.87,198.6,23,43.31,-8898,21,0.137,High,Jet,High,16,18.4,58017,Combat,3,30,Clear,23.2,15.3,23.2,85,X,Ground Radar,13,0.511,218.5,38,Weak,Yes,High,Low,Fighter
108,Helicopter,51.1,40586.7,-0.52237,111.69524,167,11.8,58.1,281,-0.5,-1.31,6.78,125.6,311,34.2,-11847,5.2,0.915,Medium,Turboshaft,Medium,2.9,56.3,99454,Hover,5,4,Storm,14.5,1.8,9.1,11,X,Ground Radar,315,0.864,3.2,65,Strong,Yes,High,Low,Helicopter
109,Cruise Missile,223.5,14880.9,38.90764,6.37722,111,-13.8,16.8,285,21.8,-3.84,4.38,345.5,327,47.11,-13624,26.5,0.674,Very High,Turbojet,Medium,13,42,132702,Terrain Following,10,26,Clear,28.8,7,43.5,13,C,Ground Radar,200,0.503,92.1,75,Strong,Yes,High,High,Cruise Missile
110,Transport Aircraft,243.8,22083.3,-30.1926,-96.40537,199,15.3,27.1,193,-25.2,-0.62,14.38,194.6,336,4.4,-23318,33.1,0.345,Very High,Turbofan,High,21.8,48.4,49101,Cruise,6,27,Storm,6,17.7,1,40,S,AWACS,421,0.726,565.9,191,,No,Low,Low,Transport Aircraft
111,Transport Aircraft,207.1,27991.4,-0.19388,52.44035,286,13.6,35.8,69,28.6,16.04,19.03,25.8,120,43.01,-14169,27,0.344,Medium,Turbofan,High,11.1,44.2,104926,Cruise,8,15,Clear,23.4,8.2,21.2,13,L,AWACS,245,0.875,360.7,146,Moderate,No,Low,High,Transport Aircraft
112,Ballistic Missile,6630.5,34961.7,-49.92402,44.0776,247,-19.7,-46.9,227,-9.6,14.53,3.05,314,245,22.18,22050,10.3,0.05,Medium,Rocket,Very High,40.7,31.2,188074,Ballistic,1,28,Clear,26.9,1.2,27.5,24,S,AWACS,333,0.995,537.4,153,,No,Medium,Low,Ballistic Missile
113,Helicopter,64.4,19106.4,-49.12749,168.58926,36,17.2,49.3,327,-33.8,0.09,16.93,291.6,124,6.97,-46498,11.2,0.471,Low,Turboshaft,Medium,35.5,22.3,199209,Hover,4,28,Rain,4.7,24.5,29.3,60,S,AESA,374,0.712,227.1,57,Strong,Yes,Medium,Medium,Helicopter
114,Fighter,737.5,4735.5,-45.4824,148.75987,153,-3.6,54.6,87,38.8,-2.73,19.8,300,133,48.74,47891,8.1,0.756,Medium,Jet,High,32.6,5.2,93893,Combat,10,23,Fog,1.6,13.7,42.4,91,S,Ground Radar,44,0.945,235.2,154,Moderate,No,Medium,Medium,Fighter
115,Hypersonic Missile,2969.2,2022.8,15.43682,-27.33137,307,14.1,40.9,144,39.3,0.98,14.55,99.2,224,41.46,711,25.5,0.306,Very High,Scramjet,Very High,23.6,35.3,112141,Glide,10,22,Storm,3.3,17.6,34.3,21,C,AWACS,341,0.729,444.4,126,Strong,No,Low,High,Hypersonic Missile
116,Hypersonic Missile,2112.7,26406.2,-36.34892,-155.60554,119,7.2,13.8,138,-0.6,1.57,22.96,292.7,225,48.58,2977,8.6,0.925,Medium,Scramjet,Very High,42.8,44,56992,Glide,10,22,Clear,13.3,10.7,41.8,51,L,IRST,387,0.719,450.7,195,Weak,No,High,High,Hypersonic Missile
117,Cruise Missile,243.4,21996.8,-50.92617,63.47246,251,-12.9,-16.1,211,-35,17.77,23.93,191.7,9,0.73,-47219,9.3,0.509,High,Turbojet,Medium,21.6,21.8,125381,Terrain Following,6,16,Clear,26,19.4,-2.5,32,L,AWACS,106,0.852,579.4,74,Strong,No,Low,Low,Cruise Missile
118,Ballistic Missile,6035.5,19853.5,1.4355,31.71247,16,-12.1,-6.2,238,-40.1,3.09,21.92,67.8,316,37.28,-15353,18.7,0.437,Very High,Rocket,Very High,26.8,52.2,9256,Ballistic,10,29,Clear,5.8,9.3,-8.5,70,X,AESA,443,0.817,216.1,125,Weak,No,Medium,Medium,Ballistic Missile
119,Transport Aircraft,226.6,39215.1,-3.6861,-63.89354,97,17.5,16.7,347,7.6,6.91,22.09,118.7,22,27.41,25818,25.2,0.184,Very High,Turbofan,High,48.7,7.2,34107,Cruise,1,10,Fog,19.2,8.4,38.9,60,X,AWACS,376,0.67,204.2,198,Strong,No,Low,Medium,Transport Aircraft
120,Helicopter,46.8,36781,-16.03701,-58.20608,278,-16.9,59.7,300,-45.3,6.96,15.56,370.9,222,12.99,32195,33.1,0.52,Very High,Turboshaft,Medium,37,12.1,11924,Hover,3,19,Fog,27.9,19,36.8,12,C,AESA,228,0.719,314,146,Strong,No,Low,High,Helicopter
121,Hypersonic Missile,2546,40721.5,-49.29871,18.07299,104,18.1,32.3,175,24.5,-4.95,17.54,96.3,112,15.15,-3504,11.4,0.863,High,Scramjet,Very High,9.1,44.4,58090,Glide,4,14,Storm,24.9,10.4,8.6,24,S,IRST,302,0.653,333.2,41,Strong,Yes,High,Low,Hypersonic Missile
122,Cruise Missile,268.7,29600.2,3.85798,29.40061,6,6.8,-21,282,-45.7,-2.85,12.36,198.6,241,2.69,-29724,27.7,0.531,Low,Turbojet,Medium,9.4,17.4,74403,Terrain Following,10,17,Fog,21.8,11.2,8.2,62,S,Ground Radar,69,0.506,8.7,98,Moderate,Yes,Low,Low,Cruise Missile
123,Helicopter,62.2,18454,33.21843,80.25304,106,8.3,-57.8,7,-3.2,13.37,24.39,20.7,180,40.67,2226,21.2,0.707,Medium,Turboshaft,Medium,4.9,50,30264,Hover,6,18,Clear,11.3,16.1,14.7,45,S,Ground Radar,199,0.947,423.4,126,Moderate,Yes,Low,Medium,Helicopter
124,Ballistic Missile,6774.5,35649.4,32.17922,-170.5005,215,-12.5,-42.6,317,30.9,13.3,6.54,309,150,35.32,-9874,17.6,0.266,High,Rocket,Very High,14.7,48.3,154765,Ballistic,2,6,Fog,10.7,12.6,-11,76,S,IRST,483,0.953,399.2,139,Strong,No,Medium,Medium,Ballistic Missile
125,UAV,69.3,18104.9,45.24892,-1.76303,359,-8.5,-17.7,26,-30,-0.35,21.71,63,252,12.95,36196,14,0.005,High,Electric,Low,38.5,57.9,82124,Loiter,3,7,Fog,4.3,17.5,40.7,42,L,Ground Radar,366,0.502,495.5,87,Weak,No,Low,Low,UAV
126,Hypersonic Missile,2178.4,46709.6,-32.12864,162.54837,45,-1.2,-2.2,350,5.5,14.79,5.39,326,0,36.73,-20138,29.8,0.115,Very High,Scramjet,Very High,43.1,43.4,96331,Glide,2,19,Fog,14.5,1.8,13.8,31,X,Ground Radar,410,0.563,526,46,Moderate,No,High,Low,Hypersonic Missile
127,Fighter,187.4,9509.9,54.56853,56.62754,288,4.7,44.4,344,-20.4,17.42,16.33,197.4,286,30.29,-1501,30.2,0.859,High,Jet,High,16.6,8.9,59568,Combat,3,4,Clear,17.1,20.1,30.9,61,C,IRST,435,0.932,545.2,35,Moderate,No,Medium,Low,Fighter
128,Ballistic Missile,3003.4,31940.5,13.24296,-44.13571,155,18.4,30.7,308,27.4,2.39,5.76,150.9,23,25.91,-47556,26.6,0.804,High,Rocket,Very High,40.6,42.3,39470,Ballistic,8,21,Storm,21.1,9,-15.5,54,L,AWACS,33,0.862,292.3,49,,Yes,High,Medium,Ballistic Missile
129,Fighter,631.7,6257.4,-52.69344,-137.52264,235,-7.8,-17.5,330,20.8,6.03,22.19,231.7,186,8.28,-43075,32.2,0.682,Medium,Jet,High,11.9,56.9,99860,Combat,2,6,Clear,7.2,23.6,-16.4,57,X,IRST,146,0.82,211.2,66,Moderate,No,Medium,Low,Fighter
130,Ballistic Missile,3168.5,40646.4,40.17764,-127.83881,14,15.4,-35.5,45,-36.9,15.58,26.91,372.3,215,43.77,43327,39.9,0.7,Medium,Rocket,Very High,34.3,47.9,108058,Ballistic,5,28,Rain,1.1,4.3,-15.5,97,X,IRST,415,0.854,543.9,166,Moderate,No,Low,High,Ballistic Missile
131,Helicopter,41.5,24930.5,-59.46182,-171.91305,88,-7.1,-35.2,8,-43.6,9.56,2.03,10.9,199,27.38,4848,30.2,0.652,Low,Turboshaft,Medium,29.7,38.3,48809,Hover,10,29,Rain,16.7,7,9.7,70,L,AESA,296,0.63,420.4,81,Weak,Yes,Medium,High,Helicopter
132,Cruise Missile,226.6,15729.2,3.5474,49.69472,190,17.3,30.4,161,-14.3,4.72,3.66,261.7,359,20.44,25766,31,0.729,Medium,Turbojet,Medium,44.5,36.5,172125,Terrain Following,2,28,Rain,8.6,24.9,38.6,92,C,Ground Radar,488,0.7,528.3,91,Moderate,No,Medium,Medium,Cruise Missile
133,Fighter,180.6,1161.7,36.7648,-149.86901,210,7.9,17.3,233,-25,-3.58,13.15,69.5,108,4.9,40154,8.4,0.497,Low,Jet,High,9,56.9,171248,Combat,4,6,Fog,15.8,20.4,-11.5,66,S,AWACS,317,0.889,589.9,136,Strong,No,Medium,Low,Fighter
134,Hypersonic Missile,3147.3,36867.2,41.99011,-150.01542,357,-16.4,-40.7,290,5.9,9.7,4.63,363.4,101,2.07,-1505,35.1,0.749,High,Scramjet,Very High,46.2,29.6,58930,Glide,9,20,Fog,29.2,19.2,-7.5,57,S,IRST,325,0.869,329.7,86,Moderate,Yes,High,High,Hypersonic Missile
135,Cruise Missile,241,40008.9,-3.77077,-162.66441,132,6.7,1.6,110,-34.4,8.55,9.75,293,302,3.66,43787,32.2,0.966,Low,Turbojet,Medium,38.7,18.7,54609,Terrain Following,6,17,Storm,28.6,15.3,27.7,81,C,Ground Radar,75,0.91,487.2,38,,Yes,Low,High,Cruise Missile
136,UAV,22.9,4220.6,-52.83929,-41.37114,210,-17.1,38.8,285,-2,15.56,25.83,36.1,99,34.59,-32726,14.3,0.957,Low,Electric,Low,7.5,17.7,148022,Loiter,3,13,Rain,16,19.6,36.2,28,C,Ground Radar,161,0.531,165.9,130,Moderate,Yes,High,Medium,UAV
137,Fighter,343.7,46496.3,-32.65925,110.18909,331,-8.8,-17.1,206,-20.9,11.81,13.4,306.8,308,32.26,1602,24.8,0.56,High,Jet,High,31,53.2,20096,Combat,6,17,Rain,21.4,9.5,-12.3,11,L,AWACS,469,0.614,559.7,62,Moderate,No,Medium,Medium,Fighter
138,Helicopter,71.7,290.7,48.53257,126.93307,190,17,45.3,308,-6.4,19.18,26.73,388.4,27,27.65,-38402,31.7,0.313,Low,Turboshaft,Medium,33.9,21.9,121365,Hover,4,11,Fog,6.8,7.9,41,88,L,AESA,91,0.701,389.1,136,,No,Medium,Medium,Helicopter
139,Cruise Missile,214.1,36315.5,-36.09023,-105.5234,227,-5.7,16.4,67,-24.3,4.35,20.57,399.4,345,29.57,-28996,37.7,0.814,Low,Turbojet,Medium,36.1,23.2,57555,Terrain Following,3,20,Clear,8.7,9.7,15.3,34,C,AWACS,166,0.75,125.5,198,Weak,No,Medium,Medium,Cruise Missile
140,Cruise Missile,273.3,33377.1,-35.26929,29.02231,290,-2.9,-23.7,229,-44.6,8.79,25.56,337.2,201,13.1,39839,38.2,0.389,Very High,Turbojet,Medium,31.2,32.6,149426,Terrain Following,5,26,Fog,7.9,18.1,2.2,69,L,Ground Radar,321,0.936,286.5,33,Moderate,No,Medium,Medium,Cruise Missile
141,Transport Aircraft,257.1,31328.5,10.15273,-149.46131,195,2.2,56,181,27.3,-3.22,18.78,250.1,94,7.52,12923,17.9,0.607,Very High,Turbofan,High,39.4,41.7,120573,Cruise,2,28,Storm,13.8,23.5,-19.8,38,X,AESA,236,0.785,553.3,96,Weak,No,High,High,Transport Aircraft
142,UAV,55.2,10430.4,-9.06958,111.10955,97,0.5,24.7,200,-0.4,17.63,8.54,57.4,68,0.31,-11209,29.4,0.3,Low,Electric,Low,9.3,32.6,53865,Loiter,6,7,Rain,14.9,8.9,-14.2,32,X,AWACS,487,0.642,235.6,88,Moderate,No,Medium,High,UAV
143,Fighter,302.2,7886.2,22.81617,112.41303,226,4,-24.8,321,-36.6,6.54,14.74,119,63,3.67,45056,13.1,0.977,Very High,Jet,High,22.5,50.6,114392,Combat,5,23,Storm,15.8,19.6,3.2,61,L,Ground Radar,419,0.921,450,166,,No,Low,Low,Fighter
144,Cruise Missile,243.6,19398.3,-50.22406,-56.78817,321,-1.1,-10.4,23,22.4,10.34,2.16,326,98,28.97,-37154,23.6,0.304,High,Turbojet,Medium,23.4,9.7,189224,Terrain Following,9,4,Rain,28.6,16.6,31.2,12,S,AWACS,359,0.769,5.4,115,Strong,No,Medium,Low,Cruise Missile
145,Helicopter,53.8,35558.5,-25.89063,-12.01834,10,8.9,11.5,233,-1.4,17.87,16.25,237.4,188,17.52,43007,27.4,0.313,Medium,Turboshaft,Medium,4.7,33.4,141379,Hover,4,30,Clear,18.5,11.3,1,17,L,AWACS,96,0.934,545.6,2,Strong,Yes,Low,Low,Helicopter
146,Hypersonic Missile,2994.2,29246.2,-18.59134,154.61425,34,-10.4,6.5,291,11.2,3.68,10.45,64.8,310,45.62,-27390,14.7,0.43,High,Scramjet,Very High,23.9,15,13485,Glide,1,10,Storm,19.1,16.1,40.5,14,X,AESA,206,0.781,485,85,,Yes,Medium,Medium,Hypersonic Missile
147,Hypersonic Missile,3171.7,33517.4,55.59655,177.06025,238,3.3,9.7,235,-40,11.98,29.41,30.6,151,45.41,48049,22.7,0.223,Low,Scramjet,Very High,38.1,54.5,138201,Glide,5,16,Storm,6.7,19.2,4.5,36,C,Ground Radar,389,0.631,428.1,182,Strong,No,High,Medium,Hypersonic Missile
148,Helicopter,62.3,11149.7,1.99302,-178.63732,80,-13.7,6.6,331,36.6,0.56,27.98,352.3,135,44.53,-16316,13.8,0.542,Very High,Turboshaft,Medium,27.1,29.5,166340,Hover,7,3,Fog,8,24.7,-19.2,57,X,AESA,414,0.778,140.3,15,Weak,Yes,Medium,Low,Helicopter
149,Ballistic Missile,5919.9,43850.7,52.08037,77.4342,324,-7.6,43.8,137,-15.5,-4.22,11.56,200.3,45,8.05,-43478,37.6,0.168,Low,Rocket,Very High,17.5,21.9,159285,Ballistic,1,23,Clear,3.9,22,6.6,65,L,Ground Radar,261,0.707,272.3,135,,No,Medium,High,Ballistic Missile
150,Cruise Missile,236.9,30747.2,-19.67282,13.71077,225,-8.7,-29.2,240,23.1,1.74,15.96,258.2,54,38.72,-8598,16.1,0.232,High,Turbojet,Medium,23,45.9,198753,Terrain Following,2,29,Storm,29.7,0.3,-11.6,98,L,AESA,362,0.502,413.7,28,Strong,No,Medium,Low,Cruise Missile
151,UAV,35.9,1004.5,34.1928,143.55579,75,4.7,30.9,183,-33,15.52,5.11,346.1,244,22.75,41850,21.5,0.117,Very High,Electric,Low,25.3,53.1,33084,Loiter,10,5,Fog,23.2,11,3.9,50,X,AWACS,323,0.86,186.8,39,Strong,Yes,Medium,Medium,UAV
152,Cruise Missile,271.1,29532.3,-39.38219,-104.98653,230,1.2,-3.1,313,-31.9,15.22,0.5,384.8,63,6.54,34642,20.7,0.519,Low,Turbojet,Medium,16,6.4,35491,Terrain Following,3,19,Clear,12.4,23.4,-0.8,80,S,Ground Radar,361,0.788,222.8,114,Weak,Yes,Medium,High,Cruise Missile
153,Transport Aircraft,235.3,32083,32.59465,160.05063,282,-4.9,-12.2,146,35.4,16.83,3.5,203.8,320,23.44,-10967,23.4,0.842,Low,Turbofan,High,32.6,5.2,119283,Cruise,1,5,Fog,12.9,4.8,12.2,59,C,IRST,322,0.701,153.9,189,Strong,No,Medium,Medium,Transport Aircraft
154,Fighter,448.7,1599.8,-2.9364,38.53676,188,3,-34.7,13,48.1,17.72,5.29,126.7,291,7.06,32262,22.1,0.89,Medium,Jet,High,8.9,49.9,181385,Combat,3,6,Rain,11.5,4.1,0.2,92,X,IRST,171,0.532,16.8,200,Strong,Yes,High,Medium,Fighter
155,Ballistic Missile,5859.7,17468.5,2.7981,3.42232,3,12.3,56.9,316,31.2,8.47,4.06,89.7,144,49.88,-32914,31.3,0.792,High,Rocket,Very High,39.7,27.8,139042,Ballistic,1,4,Fog,9.7,13.1,8.3,61,X,IRST,66,0.774,546.2,43,Weak,No,Medium,Medium,Ballistic Missile
156,Helicopter,43.2,15120.5,-48.14754,177.846,185,4,-15.9,7,31.3,16.16,22.79,394.2,167,3.24,11232,14.9,0.439,Low,Turboshaft,Medium,43.4,52.3,157874,Hover,5,11,Storm,28.5,20,31.1,85,L,AWACS,424,0.82,193,77,Moderate,No,Low,Low,Helicopter
157,Helicopter,61.4,48282.9,-32.71668,-138.25736,351,-9.3,-57.7,48,41.9,-4.97,10.86,209.5,260,29.93,-36915,24.1,0.201,High,Turboshaft,Medium,6.5,43.3,13454,Hover,10,3,Storm,2.5,9.5,-3.8,81,C,Ground Radar,234,0.987,403.8,107,Strong,No,Medium,High,Helicopter
158,Fighter,468.6,21600.8,57.7676,-13.18032,264,-17,45.7,287,-25,17.71,19.26,196.7,310,45.54,42078,28.5,0.231,Low,Jet,High,23.1,29.3,178091,Combat,6,10,Rain,29.8,5.6,1.7,16,L,AESA,235,0.6,314.2,49,Strong,Yes,Medium,High,Fighter
159,Cruise Missile,188.3,30287.4,-25.89834,-109.6674,285,-2.7,21.8,84,-7.2,-1.06,11.11,78,153,34.5,-5040,21.2,0.76,Medium,Turbojet,Medium,8.7,5.3,75834,Terrain Following,2,24,Fog,4,21.6,12.5,26,L,Ground Radar,493,0.724,401.9,117,Moderate,No,Medium,Medium,Cruise Missile
160,Fighter,193.7,37161.5,-36.47139,51.32399,171,15.6,32,316,9.7,10.8,7.93,201,262,3.12,25664,39.5,0.498,Low,Jet,High,29.6,54.9,127520,Combat,1,5,Storm,20.4,9,34.2,76,X,AWACS,369,0.892,94.5,150,,Yes,High,Medium,Fighter
161,Transport Aircraft,241.2,45297.4,3.81606,-117.195,289,-12.6,45.1,93,-4.3,19.13,27.81,114.8,108,22.69,29132,29.2,0.316,Very High,Turbofan,High,3.6,25.3,85208,Cruise,8,27,Storm,5.6,23.3,-13.5,45,C,Ground Radar,242,0.766,429.6,158,Strong,No,Medium,High,Transport Aircraft
162,Ballistic Missile,2208.7,32522.7,1.90856,73.4104,34,-12.5,-46,127,-2,-2.58,26.43,387.3,158,35.74,-28189,37.4,0.247,Very High,Rocket,Very High,33.2,41.6,36657,Ballistic,2,18,Storm,8.5,2.6,32.2,59,C,Ground Radar,436,0.945,114.7,178,Moderate,Yes,High,Medium,Ballistic Missile
163,Ballistic Missile,2382,2956.5,-11.06722,-133.93327,232,-15,55.8,329,-5.1,13.54,1.29,15.6,223,38.83,-34745,23.8,0.092,Medium,Rocket,Very High,23.6,55.2,126863,Ballistic,6,30,Rain,19.1,20.6,28.1,25,X,AESA,23,0.581,25.4,138,Weak,Yes,High,High,Ballistic Missile
164,Fighter,248.3,45115.8,-0.08881,123.25309,147,-2.7,38.2,286,42,1.97,7.42,300.5,279,22.74,-10963,14.5,0.596,High,Jet,High,43.7,2,38065,Combat,8,26,Clear,23.3,2.4,-16.5,74,L,AWACS,395,0.744,20.2,147,Weak,No,Medium,Low,Fighter
165,Ballistic Missile,4200,17988.2,-2.3427,35.22221,24,4.5,44.8,1,-0.1,4.31,16.57,229.1,87,42.6,-28024,25.8,0.102,Very High,Rocket,Very High,15.5,31.7,57879,Ballistic,3,23,Clear,27.8,9.8,-19.3,63,X,AWACS,33,0.88,164,63,Moderate,Yes,Low,Low,Ballistic Missile
166,Cruise Missile,183.7,49534.9,-14.28666,141.99403,74,-19.8,12.7,14,-31,18.42,18.09,331.7,234,19.5,-4620,10.7,0.816,Medium,Turbojet,Medium,11.3,29.4,192238,Terrain Following,8,3,Rain,25,4.8,27.7,58,S,AESA,303,0.748,368.2,65,,Yes,Medium,High,Cruise Missile
167,Ballistic Missile,3193.6,33619.3,-34.28695,42.43531,331,16.7,-39.9,163,-6.6,-4.82,29.89,391.1,110,13.18,37730,33.8,0.244,Medium,Rocket,Very High,7,29.7,190454,Ballistic,3,13,Fog,26.7,21.1,27.9,44,S,AWACS,371,0.7,389.8,164,Strong,Yes,Medium,Medium,Ballistic Missile
168,Cruise Missile,221.6,5454.6,-36.45358,-109.14738,350,-13.1,59.9,19,-11.6,2.94,29.75,276.5,131,33.89,9142,32.5,0.484,Medium,Turbojet,Medium,46.3,38.1,160672,Terrain Following,3,4,Fog,10.3,6.6,2.7,36,X,AWACS,402,0.693,79.1,93,Weak,Yes,Medium,High,Cruise Missile
169,Helicopter,69,31909,-0.34789,172.06876,330,16.4,4.3,50,-0.4,7.64,20.7,32.8,76,43.39,-31339,26.5,0.585,Medium,Turboshaft,Medium,32.7,31.2,88005,Hover,3,15,Clear,18.7,15.2,-0.7,64,S,IRST,362,0.856,195.5,165,Strong,No,Medium,Medium,Helicopter
170,Ballistic Missile,4823.7,12328.5,-10.08832,107.58485,263,-4.5,-3.8,239,-0.1,-4.12,1.46,114.8,291,1.77,46241,28.7,0.995,Low,Rocket,Very High,27.1,6,124678,Ballistic,5,22,Storm,1.1,14.5,14.5,100,X,Ground Radar,98,0.865,514,197,,Yes,Medium,Low,Ballistic Missile
171,Helicopter,76.6,25768.4,44.68908,174.49706,313,11.9,-39.5,214,-16.3,-1.14,8.32,206.7,114,41.33,40413,35.6,0.751,High,Turboshaft,Medium,18,7.9,32301,Hover,3,30,Clear,9.1,5.8,-0.9,84,L,IRST,144,0.885,544.6,110,Weak,Yes,High,Low,Helicopter
172,Transport Aircraft,180.3,9838.9,33.31511,160.55645,259,-16.9,9.1,71,-6.4,9.74,28.39,390.5,265,17.94,28285,8,0.331,Medium,Turbofan,High,27.3,38.3,78784,Cruise,9,7,Storm,29.6,22.1,14.2,54,S,AWACS,43,0.873,195.6,126,Strong,No,Low,Medium,Transport Aircraft
173,Hypersonic Missile,2997.5,47713.4,-39.23804,35.91491,163,2.9,14.2,106,-25.2,-3.52,19.91,32.4,183,8.88,-14559,11.5,0.853,High,Scramjet,Very High,28.2,26.1,107265,Glide,4,17,Rain,20.5,18.8,12.8,98,L,AWACS,56,0.948,191.1,40,Moderate,Yes,High,Medium,Hypersonic Missile
174,Hypersonic Missile,3474.8,1092.4,-10.85362,78.23721,127,-15.2,55.8,67,23.8,15.31,23.56,372.9,328,0.25,11387,8.6,0.286,Low,Scramjet,Very High,13.2,37.6,124590,Glide,6,18,Clear,10.3,1.3,28.8,82,S,IRST,455,0.882,291,2,Moderate,No,High,Medium,Hypersonic Missile
175,Hypersonic Missile,2809.6,30613.3,-48.78044,-23.63059,210,-18.5,-48.5,117,43.1,7.26,14.69,365,305,3.24,49775,30.3,0.931,High,Scramjet,Very High,39.3,42.4,180201,Glide,5,7,Storm,9.2,4.8,5.2,29,S,Ground Radar,321,0.623,471.1,174,,Yes,Medium,High,Hypersonic Missile
176,UAV,66.3,22048.3,-20.94069,40.666,325,-15,29.4,67,34.8,2.06,6.88,319.3,93,35.03,26354,27.1,0.189,Low,Electric,Low,34.7,59,128610,Loiter,5,24,Storm,24.6,24.5,4.6,96,S,AESA,437,0.932,450.2,60,,Yes,Medium,Low,UAV
177,Cruise Missile,233.7,30311.6,-49.49166,-75.81753,177,-5.8,-36.4,208,38.9,16.8,19.8,138.9,13,36.62,12303,14.9,0.945,High,Turbojet,Medium,13.9,52.8,55419,Terrain Following,4,17,Rain,10.4,9.1,32,59,S,Ground Radar,383,0.852,464.1,142,Moderate,No,Low,High,Cruise Missile
178,Transport Aircraft,198.3,24467.4,32.58751,-4.01072,225,-10.9,-8.9,283,-33.6,4.28,25.35,64.1,276,6.36,-2368,33.4,0.955,High,Turbofan,High,4.8,6.8,102606,Cruise,9,4,Fog,9.4,18.7,29.8,16,L,Ground Radar,167,0.867,585.6,168,,No,Medium,High,Transport Aircraft
179,Transport Aircraft,248.5,6753.9,-17.93978,-179.21094,201,-12,-24.4,291,-3.9,16.57,7.96,28,169,26.94,16100,31.1,0.162,Medium,Turbofan,High,38.5,29.4,71216,Cruise,6,20,Rain,4.3,24.1,14.4,93,S,AWACS,296,0.756,196.6,48,,No,High,High,Transport Aircraft
180,Helicopter,86.1,6351.7,-21.19469,-24.77075,101,-0.5,50.3,265,16.9,-0.26,11.88,208.3,5,17.03,-32876,21.2,0.419,Very High,Turboshaft,Medium,47,57.3,29396,Hover,8,7,Rain,5.4,15.8,6,83,C,AESA,13,0.654,462.7,173,,Yes,Medium,Low,Helicopter
181,UAV,55,45083.9,2.62312,-61.63722,22,-7.6,7.4,348,19.6,15.57,19.15,193.7,255,20.97,24208,8.4,0.663,Low,Electric,Low,11.3,32.8,120548,Loiter,2,8,Clear,17.4,16.9,-16.4,49,S,AWACS,175,0.677,409.7,73,Moderate,No,Medium,High,UAV
182,Hypersonic Missile,2436,5479.5,6.00628,-157.95363,181,-11,38.8,357,8.8,9.96,5.63,362.7,84,7.18,-47836,36.2,0.551,Medium,Scramjet,Very High,41.6,58.8,196941,Glide,4,21,Rain,22.4,15.3,25,84,C,Ground Radar,150,0.639,263.7,179,,Yes,Medium,Low,Hypersonic Missile
183,Helicopter,74.9,9234.4,-22.06896,-114.75649,320,-6.2,27.5,128,3.2,2.87,26.76,381.6,127,6.54,-33081,22.4,0.375,High,Turboshaft,Medium,45.4,8.8,173968,Hover,10,21,Rain,12.8,19.2,-0.7,55,C,IRST,371,0.621,354.7,155,,No,Medium,Low,Helicopter
184,Ballistic Missile,4924.2,13715.8,-28.56304,-126.86544,56,6.5,35.1,235,16.5,17.59,21.06,198,227,15.41,-24545,12.2,0.139,High,Rocket,Very High,7.8,10.7,29185,Ballistic,1,27,Fog,24.2,12,-3.9,55,S,AWACS,88,0.692,24.5,36,,No,Low,High,Ballistic Missile
185,Ballistic Missile,3584.5,3074.1,37.96549,66.49128,176,-18.2,-3.7,301,9.4,15.75,2.79,150.9,304,15.66,1595,24.7,0.572,High,Rocket,Very High,32.5,27.5,72449,Ballistic,7,5,Clear,11.9,2.9,-9,66,C,AWACS,487,0.73,489,158,,Yes,Medium,Medium,Ballistic Missile
186,Helicopter,66,24461.4,-47.26763,-93.31691,22,18.7,41,148,-33.1,6.36,7.49,49.4,133,21,25986,11.1,0.972,Medium,Turboshaft,Medium,4.1,26.2,150855,Hover,3,9,Storm,12.2,10.7,12.1,34,L,IRST,273,0.615,219.4,184,,Yes,High,Low,Helicopter
187,Ballistic Missile,5274.2,35399.4,52.56249,40.48584,171,-12.2,-39.8,123,-30.3,9.48,11.43,184.6,185,22.68,-37089,36,0.43,Medium,Rocket,Very High,2.9,28.6,62005,Ballistic,3,4,Storm,6,19.1,10.5,46,X,AESA,108,0.615,4.5,31,Weak,Yes,Low,Low,Ballistic Missile
188,Transport Aircraft,213,33637.1,-42.21342,-20.78794,308,-19.4,-39.1,312,-45.5,4.28,12.74,356.6,163,28.67,-22457,7.3,0.282,Low,Turbofan,High,8.4,10.1,170287,Cruise,10,28,Fog,5.1,13.9,-0.4,91,S,Ground Radar,42,0.72,419.7,26,Weak,No,High,High,Transport Aircraft
189,Ballistic Missile,3724,28418.9,43.66476,-43.68079,132,-3.4,-54.2,281,39.5,0.18,26.34,141.7,113,2.25,-22099,28.8,0.572,High,Rocket,Very High,2.1,25.6,168083,Ballistic,7,13,Fog,4.5,1.5,5.4,78,S,IRST,286,0.926,306,77,Strong,Yes,Low,Low,Ballistic Missile
190,Helicopter,87.7,47724.6,-29.08865,103.5567,358,-3.5,-54.3,13,-23.9,17.88,16.6,386.5,310,19.14,-49594,9.4,0.447,High,Turboshaft,Medium,40,25.2,69827,Hover,7,22,Fog,9.2,3.1,44.4,60,L,IRST,202,0.971,380.2,152,Strong,Yes,Medium,Low,Helicopter
191,UAV,78.3,7718.8,-46.06783,-85.2421,55,-12.9,48.4,188,-41.1,0.27,9.74,62.4,140,5.87,43042,24.8,0.729,Medium,Electric,Low,31.9,35.6,198096,Loiter,3,13,Rain,13.7,17.9,-13,72,S,Ground Radar,43,0.781,50.2,56,,No,Low,High,UAV
192,Fighter,437,46928.3,-17.57005,-42.52523,203,10.2,52.2,301,16.4,12.47,7.58,172.8,69,25.12,-1477,27,0.577,Medium,Jet,High,30.4,18.3,89554,Combat,5,8,Rain,1,19.2,-3,25,S,IRST,386,0.891,18.3,43,,Yes,High,Medium,Fighter
193,Cruise Missile,250.3,33326.2,2.98313,-57.57141,14,13.7,-55.3,358,29.1,17.21,29.76,323.3,334,39.57,-31325,21.4,0.464,Very High,Turbojet,Medium,8.6,15.6,121502,Terrain Following,10,11,Fog,18.2,10.9,-5.9,90,X,Ground Radar,82,0.851,356.8,172,Moderate,No,High,High,Cruise Missile
194,Ballistic Missile,2795,42766.6,14.28725,77.07851,16,5.8,-58.5,167,38.6,7.94,29.42,13.7,179,46.18,33043,7.5,0.61,Very High,Rocket,Very High,10.7,36.7,140627,Ballistic,6,24,Fog,15,22.4,7.6,85,L,AESA,43,0.632,141.1,45,,Yes,Medium,Low,Ballistic Missile
195,Ballistic Missile,2902.7,314.3,47.61223,161.89967,220,-16.3,36.2,27,7.6,4.75,21.3,297.2,239,49.95,-49468,21.8,0.603,Medium,Rocket,Very High,44.6,42.7,164233,Ballistic,1,2,Clear,15.1,22.1,-13.5,52,S,AESA,458,0.836,393.7,96,Moderate,Yes,Medium,High,Ballistic Missile
196,Cruise Missile,255.5,38640.5,42.99209,98.20305,174,-10.8,-24.3,34,28,16.54,24.36,70.3,184,49.64,-21251,15.8,0.562,High,Turbojet,Medium,23.1,43.7,8317,Terrain Following,1,12,Fog,14.4,11.6,-18.2,41,X,Ground Radar,42,0.781,204.3,7,,No,High,Low,Cruise Missile
197,Cruise Missile,268.1,15829.5,-34.66259,-92.35678,12,18.8,-42.7,121,-32.2,-1.71,11.11,148.2,28,32.91,26664,39.8,0.638,Very High,Turbojet,Medium,8.4,55.2,37108,Terrain Following,8,19,Rain,5.4,11.4,33,80,S,Ground Radar,359,0.952,277,50,Weak,Yes,Low,Low,Cruise Missile
198,Ballistic Missile,2381,25000.9,-49.66325,10.61529,229,11.9,46.1,3,24.2,13.28,29.33,192.9,261,18.91,6545,23.3,0.426,High,Rocket,Very High,24.7,39.2,79299,Ballistic,10,16,Clear,17.9,16.1,22.2,80,S,AESA,424,0.614,10.2,148,Strong,Yes,Medium,Low,Ballistic Missile
199,Hypersonic Missile,2070,35585,-4.92907,20.31702,278,-10.4,-47.2,194,-44.6,17.78,8.33,50.6,202,17.46,-15773,10.9,0.351,High,Scramjet,Very High,45.5,23.2,157159,Glide,8,10,Clear,8.8,23.6,-16.6,70,C,AWACS,144,0.936,128.8,105,Strong,No,Low,Medium,Hypersonic Missile
200,Fighter,643.2,46936.1,-33.78178,122.08956,78,-1.9,-39.1,276,-19.9,13.8,0.63,37.1,195,18.32,-24227,35.4,0.166,Very High,Jet,High,30.8,55.3,25214,Combat,3,21,Storm,8.9,10,23.4,32,S,IRST,173,0.789,526,41,Moderate,No,Medium,High,Fighter
201,UAV,32.2,43393,-58.19037,125.42878,141,-10.2,47.5,230,-27.5,-4.68,16.51,399.3,174,42.52,45929,27.6,0.243,Medium,Electric,Low,12.1,54.1,130329,Loiter,10,16,Storm,7.5,21.7,-13.9,61,C,Ground Radar,117,0.554,323.7,112,Moderate,Yes,Medium,High,UAV
202,Ballistic Missile,3259.4,27943.9,3.62625,-5.61306,102,14.9,35.6,321,7.2,10.86,14.97,152.2,341,35.1,24099,37.6,0.087,Medium,Rocket,Very High,16.2,54.3,52196,Ballistic,10,22,Fog,8.9,1.4,-13.7,56,L,Ground Radar,416,0.559,39.5,110,,Yes,Medium,High,Ballistic Missile
203,Transport Aircraft,206.8,18285,-30.91135,-53.3571,7,-5.1,38.5,139,-43.4,-0.75,3.59,66.1,7,5.89,-16444,28,0.556,Very High,Turbofan,High,45.8,47.3,93666,Cruise,10,29,Fog,19.5,11.4,7.6,97,C,AESA,393,0.775,102.9,23,Strong,Yes,High,Low,Transport Aircraft
204,Fighter,637,45482.8,6.49033,-163.14541,172,-16.9,-53.4,303,-27.3,19.42,20.77,330.2,48,44.97,22895,9.3,0.366,High,Jet,High,26.2,42.9,42329,Combat,10,13,Fog,15.4,15.9,-3.8,72,S,AWACS,231,0.562,389.2,151,,No,Low,High,Fighter
205,Ballistic Missile,2601,29787.2,-19.44182,157.33566,57,-18,-41.6,319,0.7,13.6,20.9,298.3,322,1.67,-24020,22.1,0.956,Low,Rocket,Very High,11.5,1.4,166699,Ballistic,7,4,Fog,19.2,8,27.8,59,C,AESA,37,0.565,70.7,25,,Yes,Medium,Low,Ballistic Missile
206,Helicopter,85.9,47757.1,-3.72046,-126.72481,225,17.9,11.1,340,21.6,10.68,26.86,276.8,227,31.48,-4067,34.4,0.23,Medium,Turboshaft,Medium,21.5,44,61387,Hover,6,13,Clear,2.7,1.3,-10.7,69,C,AWACS,168,0.722,554.6,8,Strong,No,High,High,Helicopter
207,Ballistic Missile,6702.5,24397.9,-56.1999,-171.08497,88,-11.4,-17.1,160,-4.4,16.45,3.74,119.7,349,22.13,-15301,13.3,0.489,Very High,Rocket,Very High,44.7,12.4,62029,Ballistic,6,12,Rain,28.2,15.3,39.2,82,C,Ground Radar,352,0.657,413.7,72,Weak,No,Low,Medium,Ballistic Missile
208,Ballistic Missile,4682.3,25496.3,41.24272,-90.3722,188,-4.3,-9.9,41,46.6,3.21,24.22,389.7,230,34.84,-31444,29.7,0.247,Medium,Rocket,Very High,45.4,25.8,176445,Ballistic,4,25,Clear,14.3,24.3,-12.1,18,S,AESA,342,0.991,593.7,157,Weak,No,High,Low,Ballistic Missile
209,Fighter,398,3617.5,52.35608,-175.69196,9,-10.4,53.8,191,0.2,7.76,22.75,123.6,291,19.86,36658,21.5,0.973,Very High,Jet,High,7.7,41.7,91847,Combat,2,14,Rain,29.8,2,22.7,54,L,AWACS,308,0.881,263.2,81,Weak,No,Low,Low,Fighter
210,Hypersonic Missile,2476.2,16189.1,-52.30517,179.86975,354,5.6,6.1,313,20.9,1.1,25.54,249.4,63,40.94,-45552,25.9,0.364,High,Scramjet,Very High,15.7,2.4,157882,Glide,2,13,Storm,5.8,8.8,9.1,68,C,AESA,90,0.673,112.4,78,,No,High,High,Hypersonic Missile
211,Cruise Missile,259.5,48568.5,31.0035,35.05862,294,-8.5,-2.6,296,4,17.1,19.42,107.3,27,39.24,48695,18.6,0.68,Low,Turbojet,Medium,19.6,52.2,170543,Terrain Following,2,23,Rain,25.9,22.2,27.8,32,S,AESA,90,0.93,451.4,70,Weak,No,High,Medium,Cruise Missile
212,Transport Aircraft,246.2,21327.1,-31.38462,-55.08934,167,-7.6,-54.7,55,-24.1,-1.16,3.96,105.9,69,10.64,21625,39.2,0.768,Low,Turbofan,High,9.4,9,163764,Cruise,6,16,Rain,21.9,18.7,41.6,77,S,AWACS,58,0.556,480.7,135,,Yes,High,Medium,Transport Aircraft
213,Fighter,333.9,33094.3,40.78792,-152.06595,8,7.9,26.5,90,16.9,12.94,0.47,334.6,117,30.28,33165,23.6,0.108,High,Jet,High,49.9,3,46104,Combat,6,12,Clear,23.9,24.6,12,86,L,AWACS,273,0.652,432.7,118,Weak,Yes,Low,High,Fighter
214,Transport Aircraft,194.8,44795.7,-47.24351,-134.06986,101,-6.7,49,151,-0.2,2.47,20.24,253.5,11,15.61,-36129,7.3,0.229,Low,Turbofan,High,5.5,50.7,76905,Cruise,7,2,Fog,2.2,4.8,-7.4,26,C,AESA,437,1,502,10,Moderate,No,Medium,Medium,Transport Aircraft
215,Helicopter,67.9,17035.4,-55.82906,-28.19462,118,-17.8,-26.7,328,-15.2,7.04,15.86,149.9,249,14.26,41448,12.5,0.138,High,Turboshaft,Medium,46,50.2,167814,Hover,8,18,Rain,8.4,12.4,4.5,29,C,AESA,269,0.754,157.7,196,Strong,Yes,Medium,High,Helicopter
216,Hypersonic Missile,3080.3,38582.3,-53.82353,22.19087,344,-12.9,-55.6,100,-28.8,5.51,3.96,107.1,93,0.87,-23944,5.1,0.243,Very High,Scramjet,Very High,18,47.6,120734,Glide,4,20,Rain,17.4,11.7,21.7,25,X,Ground Radar,374,0.959,334.9,51,Weak,Yes,High,Medium,Hypersonic Missile
217,UAV,63.8,1184.8,-6.69025,162.8269,328,-15.5,23.9,191,-16.1,4.47,0.63,55.8,14,31.46,-31652,30.4,0.866,Low,Electric,Low,28.5,49.3,84170,Loiter,1,13,Fog,23.9,20.1,37.9,53,C,AWACS,451,0.805,557.8,60,Strong,Yes,Low,High,UAV
218,Cruise Missile,277.2,2600.4,4.84199,35.11075,225,-17.2,-41.9,342,0.8,8.28,27.21,11.6,316,26.75,-44153,11.9,0.864,Low,Turbojet,Medium,6.7,31.7,138658,Terrain Following,4,7,Storm,13.3,0.3,33.4,91,S,AWACS,160,0.675,259.9,113,Weak,No,Low,Medium,Cruise Missile
219,Helicopter,86.5,38772.8,53.52168,-1.89258,279,13.5,-46.3,280,43.5,12.61,3.16,331.2,0,3.27,-38818,8.1,0.815,Medium,Turboshaft,Medium,28.7,2.3,91279,Hover,5,9,Storm,6.7,1.9,26.6,16,C,IRST,37,0.503,39.3,96,Weak,No,Medium,Low,Helicopter
220,Ballistic Missile,4658.7,26584.4,-43.58482,-35.87777,205,0.8,-17.5,318,0.6,18.78,11,154.8,309,22.14,22862,9.9,0.113,Low,Rocket,Very High,13,48.1,28672,Ballistic,4,18,Fog,29.4,3.8,11.3,13,S,Ground Radar,269,0.554,92.7,56,Weak,Yes,Low,Medium,Ballistic Missile
221,Cruise Missile,205,12866.3,39.93034,165.11615,117,6.2,-3,18,18.1,-3.11,20.18,259.6,250,43.08,40196,21.1,0.555,Medium,Turbojet,Medium,39.6,28.8,165443,Terrain Following,1,22,Storm,12.4,5,-1,96,C,AESA,35,0.553,554.5,83,Weak,Yes,Low,High,Cruise Missile
222,Transport Aircraft,208.9,34751.1,36.23296,55.52102,15,19.2,-23.5,284,-20.3,10.07,21.16,209.9,145,28.97,3779,15,0.527,High,Turbofan,High,15.8,25.2,56741,Cruise,8,26,Storm,6.2,22.2,23.8,18,S,Ground Radar,44,0.666,68.5,32,Moderate,Yes,Low,High,Transport Aircraft
223,Hypersonic Missile,3101.7,17867.9,22.96986,-78.17455,208,-12.1,-48.6,139,24.9,12.92,27.51,345.9,306,28.03,-10038,28.7,0.429,Low,Scramjet,Very High,43.9,14.4,183493,Glide,1,18,Storm,20.3,6.6,37.3,99,C,Ground Radar,489,0.529,185,55,,Yes,Medium,High,Hypersonic Missile
224,Fighter,456.1,27774.1,48.79849,-167.36416,204,17.5,-14,297,-26.6,14.05,27.09,173.3,242,43.01,5765,30.5,0.053,Medium,Jet,High,19.3,21.6,78487,Combat,4,3,Storm,26.2,20.1,22.7,52,S,Ground Radar,106,0.983,178.8,75,Strong,Yes,Low,High,Fighter
225,Cruise Missile,188.6,18783.2,-24.77729,25.60219,3,-13.9,-36.1,134,28.9,4.87,25.69,392,340,7.79,9288,24.7,0.313,Very High,Turbojet,Medium,27.5,19.9,79567,Terrain Following,2,9,Fog,10.8,2,21.4,26,C,Ground Radar,27,0.549,531.3,144,Weak,Yes,Low,Medium,Cruise Missile
226,UAV,32.3,32862.7,-15.99682,-160.68413,295,-9.9,-36.2,160,-47.4,10.46,7.37,376,298,23.92,-41974,20.8,0.216,Low,Electric,Low,39.7,16.3,163818,Loiter,2,23,Rain,10.4,13.1,23.5,14,L,Ground Radar,222,0.913,503.1,159,Strong,Yes,Low,High,UAV
227,Fighter,333.7,45834.8,-52.41348,-42.39902,172,18.9,-21.3,268,-0.7,1.1,21.75,93,136,30.44,-4141,5.7,0.967,Medium,Jet,High,17.6,41.2,141986,Combat,3,4,Rain,23,9.5,10.5,48,X,IRST,45,0.947,241.8,187,Moderate,No,Medium,Medium,Fighter
228,Helicopter,56.3,40413.1,-36.44257,-153.75287,328,12.2,-2.3,30,17.1,16.95,11.9,334.1,356,25.45,43410,7.3,0.8,Low,Turboshaft,Medium,42.6,32.7,69370,Hover,8,9,Storm,4.2,18.1,13.9,92,L,IRST,287,0.794,501.8,58,Strong,Yes,Medium,Medium,Helicopter
229,UAV,22.4,29436.4,28.85526,-138.24303,228,19,54.6,63,-41.8,8.39,12.02,356.4,299,31.93,-32439,13.8,0.942,High,Electric,Low,34.4,34.8,32683,Loiter,1,24,Clear,17.5,21.9,-2.1,73,X,Ground Radar,380,0.657,176.9,1,Moderate,No,Medium,High,UAV
230,Helicopter,49.8,37713.6,44.91764,-41.58934,293,9.9,46.9,307,-13.6,4.58,16.34,203.9,21,7.17,-24891,22.5,0.552,Medium,Turboshaft,Medium,10.1,16.7,144561,Hover,2,8,Fog,20.4,20.8,-14.9,59,X,IRST,115,0.766,467.6,55,Moderate,No,Low,Low,Helicopter
231,Helicopter,61,28075.2,-58.35604,3.055,214,17.2,48.1,153,3,18.07,15.2,38.8,89,13.55,17899,36.8,0.779,Medium,Turboshaft,Medium,40.2,32.9,165774,Hover,5,28,Clear,26.8,15.9,39.4,40,X,IRST,410,0.522,99.4,140,Strong,Yes,Low,Low,Helicopter
232,Fighter,382.7,39519.8,-40.23332,153.73758,340,1.7,-42.2,249,11.7,10.83,3.09,3.8,63,1.62,44766,11,0.533,Low,Jet,High,37.9,17,14094,Combat,5,4,Clear,3.7,16.2,-19.7,45,C,IRST,313,0.874,302,105,Strong,No,Low,Low,Fighter
233,UAV,42.8,43747.6,44.55107,178.35231,289,14.1,-15.7,286,1.4,9.76,9.63,14.5,42,29.96,31192,22.2,0.54,Low,Electric,Low,7.7,21.7,170302,Loiter,5,3,Fog,29.3,1.3,39.7,91,S,AWACS,373,0.679,564.6,123,,Yes,Medium,High,UAV
234,Hypersonic Missile,3456.1,5138.9,-52.85427,22.87977,103,7.4,-4.2,346,-41.9,14.35,6.33,120.8,17,29.56,-24318,9.7,0.312,High,Scramjet,Very High,19.4,8.3,107672,Glide,5,3,Storm,7.9,4.4,-5.5,67,C,AWACS,273,0.782,209.6,179,,No,Medium,Medium,Hypersonic Missile
235,Transport Aircraft,227.2,37558.1,-57.84759,5.05814,119,-9,27.9,175,-43.3,18.65,27.07,119.7,168,5.57,-19654,20.9,0.847,High,Turbofan,High,33.4,20.4,104973,Cruise,8,26,Fog,22.7,7.2,-16.1,70,C,IRST,456,0.987,377.1,18,Weak,No,Medium,Low,Transport Aircraft
236,Hypersonic Missile,3353.1,47818.1,38.74094,43.32623,243,-7.2,17.4,348,-26.2,13.69,14.37,186.1,359,16.85,-20025,24.8,0.808,High,Scramjet,Very High,22.4,57.1,93307,Glide,7,27,Rain,11.9,14.3,30.2,18,C,AESA,425,0.876,491.8,155,Weak,Yes,Medium,Medium,Hypersonic Missile
237,Helicopter,89.1,44606.3,33.71692,-29.11838,56,-17.9,-6.3,275,38.9,8.48,0,374.9,254,9.63,23993,26.3,0.326,Very High,Turboshaft,Medium,40.9,39.6,116606,Hover,1,16,Clear,1.8,16.6,25.7,25,X,Ground Radar,460,0.573,119.1,44,Strong,Yes,Medium,High,Helicopter
238,Cruise Missile,250.1,18426.9,26.62321,25.56932,129,4,17.2,141,-9.6,11.02,15.87,254.9,107,20.64,38818,11,0.477,Low,Turbojet,Medium,19.3,12.1,151366,Terrain Following,9,10,Storm,6.3,16.4,13.2,38,S,AESA,249,0.644,64,89,Strong,Yes,High,High,Cruise Missile
239,Transport Aircraft,253.7,43752.5,-13.60466,79.58667,324,-9.8,-37,160,46.9,-1.77,10.78,308.6,312,36.11,8504,13.7,0.8,Medium,Turbofan,High,34.7,15,176759,Cruise,10,13,Fog,27.3,23.1,-9.5,62,X,AESA,67,0.699,280.2,8,Moderate,No,Low,Medium,Transport Aircraft
240,Ballistic Missile,2430.1,21528.9,21.90186,74.28406,338,-13.4,-5.6,296,-44.8,9.22,22.38,84.8,248,48.87,-2581,10.5,0.688,Medium,Rocket,Very High,4.6,44.4,64474,Ballistic,7,19,Fog,21.7,2.4,37.7,93,X,AESA,162,0.561,367.2,130,Weak,Yes,High,Medium,Ballistic Missile
241,UAV,41.7,49102.1,28.19163,-177.52028,175,13,-36,255,-25.7,11.69,24.71,37.5,25,41.23,-12291,25.7,0.879,Medium,Electric,Low,37,9,41281,Loiter,6,23,Fog,27,5.6,-7.6,83,L,AWACS,256,0.762,298.9,75,Weak,No,High,Medium,UAV
242,Fighter,624.2,19879,34.84797,-54.01772,327,-2.4,34.1,107,-3.8,7.68,28.66,21.9,71,47.64,-6569,27.6,0.984,Very High,Jet,High,30.5,6.2,33772,Combat,1,19,Rain,15.5,17.9,-13.5,84,L,IRST,421,0.907,517.8,47,Weak,No,High,Low,Fighter
243,Ballistic Missile,3103.4,18803.4,-26.69956,24.27981,151,18.3,-57.4,20,-47.6,6.37,14.83,368.6,121,28.07,-47572,30.1,0.918,Low,Rocket,Very High,31.2,12.4,18192,Ballistic,2,24,Rain,17,15.5,42.9,10,S,Ground Radar,94,0.67,522.4,82,,Yes,Medium,Low,Ballistic Missile
244,UAV,73.1,11371,-26.45188,-157.58233,89,-4.6,54,320,-17.8,4.09,7.43,188.4,356,9.21,5338,14.8,0.025,High,Electric,Low,36.9,15.7,9629,Loiter,6,19,Storm,26.8,2.7,12.2,29,X,IRST,270,0.706,156.1,142,Moderate,Yes,High,High,UAV
245,Fighter,207.3,47623.5,-16.55121,-91.69861,169,-13.3,-29.5,52,-29.3,7.56,2.9,105.7,72,20.72,-37471,13.9,0.737,Low,Jet,High,39.9,32.2,17532,Combat,5,6,Storm,4.5,16.8,-5.9,55,C,Ground Radar,297,0.586,130.9,98,Moderate,Yes,Medium,Medium,Fighter
246,Transport Aircraft,219.1,49427.1,-32.18407,-73.99267,40,-0.2,-37.5,224,-22,5.53,2.87,366.7,63,39.84,-11285,28.5,0.608,High,Turbofan,High,29.6,31.2,193728,Cruise,1,30,Storm,24.6,17.2,23.6,90,X,AWACS,256,0.734,558,39,Moderate,No,High,Medium,Transport Aircraft
247,Hypersonic Missile,2292.3,33087.8,59.18705,107.74304,87,-2.6,58.9,166,37.8,11.78,3.06,365.1,116,34,22947,19.2,0.086,Low,Scramjet,Very High,8.5,25.9,190753,Glide,6,23,Fog,1.4,11.6,30.9,48,L,Ground Radar,489,0.784,313.4,99,Weak,Yes,High,High,Hypersonic Missile
248,Cruise Missile,223,34682.9,-50.91915,116.43805,229,-15.2,28.5,151,-35.1,19.43,28.61,293.3,144,2.87,-151,16.8,0.845,Low,Turbojet,Medium,22.4,26.9,106346,Terrain Following,2,24,Rain,22.3,12,18.7,38,X,IRST,343,0.908,490,47,Moderate,No,Medium,Low,Cruise Missile
249,Ballistic Missile,2983.9,17115.3,-38.62322,76.84379,353,-4.5,8.3,30,-43.2,2.14,27.04,155.9,131,0.14,27828,35.3,0.46,Low,Rocket,Very High,29.3,14,151133,Ballistic,3,17,Clear,21.4,8.6,21.9,30,S,AWACS,73,0.515,556,128,Weak,No,High,High,Ballistic Missile
250,Hypersonic Missile,2440.3,6993.1,-24.37262,95.33145,318,-6.6,35,297,-26.2,-0.12,24.32,307.1,147,37.74,-26519,21,0.441,Medium,Scramjet,Very High,25.2,26.6,44100,Glide,9,27,Clear,20,10.5,11.9,39,X,AWACS,424,0.737,326.9,18,,No,High,High,Hypersonic Missile
251,Transport Aircraft,205.5,7373.5,-22.25589,-121.82742,2,-7.1,4,115,40.9,15.94,3.33,189.2,190,30.32,22321,28.4,0.913,Very High,Turbofan,High,43.2,40.7,67325,Cruise,9,22,Clear,18.7,7.6,4.4,18,S,AESA,98,0.77,83.7,128,Moderate,Yes,Low,High,Transport Aircraft
252,Ballistic Missile,4764.1,48652.2,-51.47714,-148.52469,202,10.6,10.2,104,41.1,0.32,23.24,19.3,66,48.32,-19652,30.1,0.76,Medium,Rocket,Very High,48.1,29.8,74136,Ballistic,10,21,Clear,9.8,3.1,6.9,52,X,Ground Radar,255,0.955,207.9,37,Moderate,Yes,High,Medium,Ballistic Missile
253,Cruise Missile,270.3,3151.2,20.6569,139.3629,282,-10.7,40.2,293,-14.8,13.93,27.56,126.8,144,0.89,-4917,19.4,0.078,Low,Turbojet,Medium,17.9,39.5,40757,Terrain Following,2,11,Storm,9.6,5.5,20.6,56,C,AESA,318,0.705,307.1,55,Strong,Yes,High,Low,Cruise Missile
254,Helicopter,80.6,34620.4,-59.28854,91.12295,211,-5.3,-8,336,28.1,18.49,29.15,372.1,23,25.87,-17935,37.2,0.289,Low,Turboshaft,Medium,45.4,51.3,181630,Hover,7,14,Storm,21.5,23.4,30.6,49,S,Ground Radar,46,0.782,551.8,72,Strong,Yes,Medium,High,Helicopter
255,Hypersonic Missile,3477.3,14741.4,-45.8954,111.44702,134,-12.8,44.7,353,33.2,2.01,29.54,32,196,45.66,-10097,30.9,0.46,Low,Scramjet,Very High,9.1,56.7,34823,Glide,1,13,Rain,7.3,21.3,-6.7,74,S,AESA,15,0.559,52.3,110,Strong,No,Medium,High,Hypersonic Missile
256,Fighter,257.4,33819.4,-35.25138,-99.51805,88,9.6,-46.7,102,-38,-1.6,15.61,178.5,236,10.5,-9818,36.6,0.463,Very High,Jet,High,39.6,51.8,64656,Combat,7,28,Fog,20.4,5,-17.6,55,L,AESA,415,0.589,473.6,132,Strong,Yes,Low,Medium,Fighter
257,Transport Aircraft,197.6,7066.2,33.81234,-155.03779,204,-4.7,23.6,278,-6.9,1.78,26.27,392.2,101,39.71,8073,30.6,0.789,High,Turbofan,High,25.9,3.2,187301,Cruise,3,23,Rain,26.6,21.6,27.3,44,S,AWACS,282,0.883,193.5,169,,Yes,High,High,Transport Aircraft
258,Ballistic Missile,2277.1,11392.4,45.91077,-105.08159,290,5.8,19.5,74,42.2,3.87,12.44,43.5,110,8.57,44329,20.4,0.702,Very High,Rocket,Very High,32.9,20.5,161869,Ballistic,8,14,Rain,22.4,8.4,15.9,20,X,AWACS,270,0.871,410.5,45,Moderate,Yes,High,Low,Ballistic Missile
259,Hypersonic Missile,1950.6,37881.1,20.81766,33.38291,60,16.2,-9.5,16,1.6,15.7,24.52,76.8,352,47.53,37838,35.7,0.774,Medium,Scramjet,Very High,2.3,6,562,Glide,7,23,Rain,9.6,21.7,36.6,38,L,IRST,403,0.783,27.5,25,Weak,Yes,Low,High,Hypersonic Missile
260,Cruise Missile,223.8,2917.6,-32.34961,63.6837,168,1,13.4,147,41.1,2.67,11.96,197.1,265,38.94,29890,36.8,0.917,Low,Turbojet,Medium,35.6,22.5,186359,Terrain Following,2,24,Fog,23.7,14.9,4.9,67,S,Ground Radar,146,0.698,178.4,125,Weak,No,High,High,Cruise Missile
261,Helicopter,89.5,12792.7,56.45007,81.4819,331,-13.2,-2.8,50,-8.7,3.61,25.17,173,160,32.99,15815,27.4,0.071,Very High,Turboshaft,Medium,33.4,59.7,128921,Hover,2,24,Clear,16.7,14.8,27.1,97,L,IRST,21,0.817,86.9,29,Weak,No,Medium,Low,Helicopter
262,Fighter,311.4,25398.8,8.74888,169.89313,336,-16.6,-2.8,293,7.2,12.81,17.67,291.1,89,42.12,-20423,26.3,0.938,Very High,Jet,High,4.4,13.3,94715,Combat,2,4,Rain,30,15.1,29.3,61,S,Ground Radar,387,0.989,32.1,134,Strong,Yes,Low,Low,Fighter
263,Fighter,708.2,20683.7,32.8496,-114.89826,44,-10.6,-24.5,261,15.4,12.92,22.35,294.6,44,7.2,25654,31.4,0.032,Medium,Jet,High,14.9,29.3,190944,Combat,10,24,Clear,8.4,21.8,-11.3,54,S,Ground Radar,29,0.977,391.8,7,Moderate,No,Medium,Low,Fighter
264,Ballistic Missile,4931.1,30373.2,14.76944,-14.77222,189,0.2,11.4,171,-41,16.06,8.31,103.2,145,49.06,-7949,14.1,0.073,Low,Rocket,Very High,27.7,48,22729,Ballistic,9,16,Fog,11.3,4.8,-3.3,59,L,AESA,178,0.666,490.5,168,Moderate,Yes,Low,Medium,Ballistic Missile
265,Helicopter,53,35853.5,-47.43085,131.16703,349,-13.8,-56.2,205,33.2,4.84,10.72,117.2,115,48.93,10232,7.2,0.564,Low,Turboshaft,Medium,29.1,18.9,189280,Hover,7,19,Fog,5.3,13.2,32.6,43,C,AWACS,181,0.545,347.2,200,Moderate,Yes,Low,High,Helicopter
266,Ballistic Missile,5323.5,31231.7,-27.20619,-99.91763,283,-9.3,34.1,314,-23.3,12.4,0.46,20.5,276,3.53,19176,5.4,0.568,High,Rocket,Very High,28.6,29.4,85804,Ballistic,2,11,Rain,13.5,17.9,-18.7,79,X,AWACS,107,0.94,283.3,120,,No,Medium,Medium,Ballistic Missile
267,Hypersonic Missile,2166.4,40144.3,49.69732,-118.94281,331,4.2,-11,180,1.7,17.96,16.71,287.9,72,17.36,11817,30.9,0.152,Medium,Scramjet,Very High,22,52.9,52846,Glide,7,22,Rain,5.6,5.3,44.2,69,C,IRST,72,0.775,198.5,167,Strong,Yes,Low,Low,Hypersonic Missile
268,Helicopter,40.9,29418,-22.33875,126.336,65,2.9,52.6,273,9.8,7.58,11.75,288.7,132,41.59,-2135,9.1,0.221,Very High,Turboshaft,Medium,43.7,46.9,86491,Hover,3,3,Fog,13.1,14.4,29.8,52,C,AESA,314,0.725,402.1,77,Weak,No,Low,Low,Helicopter
269,Ballistic Missile,4418.8,24881.8,8.56712,-97.66399,263,-11.8,-56.6,5,1.5,15.12,6.02,88,177,42.93,-18685,12.1,0.202,Low,Rocket,Very High,5.4,40.2,147097,Ballistic,6,20,Storm,11.5,17.4,10.8,87,L,AESA,426,0.845,531.6,16,Strong,Yes,Low,Medium,Ballistic Missile
270,Transport Aircraft,248.2,29923.3,-28.04609,-57.05981,214,9.7,-9.3,137,27.7,-3.61,22.36,296.4,315,1.67,4937,5.4,0.266,Medium,Turbofan,High,48.3,37.5,45036,Cruise,10,30,Rain,18.7,10.8,-8.6,76,C,AWACS,107,0.558,357.8,141,Weak,No,Medium,Medium,Transport Aircraft
271,Transport Aircraft,185.6,9249.2,32.74353,124.56797,193,3.5,20.4,79,-43,11.7,17.42,107.5,328,5.2,-18750,39.2,0.823,Medium,Turbofan,High,11.9,34,120465,Cruise,7,5,Rain,29,13.7,2.9,91,C,IRST,152,0.608,441.4,2,Moderate,Yes,High,Medium,Transport Aircraft
272,Hypersonic Missile,3492.5,45006.1,-52.27653,73.89365,243,-7.3,1.5,179,-30.8,15.79,25.21,230,32,21.33,-41140,20,0.671,High,Scramjet,Very High,5.8,57.6,25361,Glide,6,19,Storm,3.9,21.9,-2.3,81,X,IRST,237,0.568,70.1,175,Weak,Yes,Low,Medium,Hypersonic Missile
273,Ballistic Missile,5308,18805.7,3.07182,157.8012,181,19.2,-31.9,54,11.4,19.52,9.92,12.4,252,1.69,-8149,9.1,0.097,Medium,Rocket,Very High,42.5,21.3,97197,Ballistic,5,6,Clear,17.7,21.4,38.9,52,S,IRST,317,0.834,309.9,59,Moderate,Yes,Low,Medium,Ballistic Missile
274,Helicopter,46.6,48640.8,-36.65095,57.09369,42,-12.6,-13.6,46,-43.3,1.88,10.98,2.3,101,47.26,41255,18.4,0.322,Very High,Turboshaft,Medium,12.3,14.6,132272,Hover,9,26,Storm,16.1,11.7,-12.5,24,X,IRST,112,0.913,46.3,146,Weak,No,Medium,Low,Helicopter
275,Hypersonic Missile,2052.5,26245.3,35.13097,26.86549,138,17.9,41.1,10,-33.2,17.75,14.7,381.4,353,30.79,-12215,35.4,0.973,Very High,Scramjet,Very High,31.2,58.7,76754,Glide,3,10,Fog,27.2,12.3,8.4,74,X,AWACS,278,0.932,288.8,27,,No,Low,Low,Hypersonic Missile
276,Ballistic Missile,6231.1,35727,13.63801,48.37142,294,0.6,-10.6,232,-18.2,14.33,17.94,281.9,22,7.79,12925,28,0.422,Very High,Rocket,Very High,20.2,8.9,102728,Ballistic,6,30,Rain,29.7,23,4.1,48,C,AWACS,274,0.86,79,2,Strong,Yes,High,High,Ballistic Missile
277,Fighter,427.3,9850.3,-20.51646,93.27622,44,12.9,0,297,6.9,1.13,14.83,345.5,29,7.06,30488,24.5,0.834,Very High,Jet,High,49.3,27.7,35702,Combat,1,30,Storm,20.3,2.5,38.6,27,X,AESA,243,0.942,580.1,66,Weak,No,Medium,Low,Fighter
278,UAV,59.3,36253.4,2.74578,161.10943,63,7.1,49.3,26,-21.1,2.75,2.98,298.9,332,17.4,-48714,26.5,0.25,Low,Electric,Low,35.5,52.1,114431,Loiter,4,13,Fog,27.6,14.7,10,14,X,AWACS,342,0.508,157.3,170,,Yes,Low,High,UAV
279,Ballistic Missile,2092.6,22656.1,1.54109,-162.38201,223,11.1,5.1,2,15,15.7,3.73,129.4,91,25.87,17509,11.3,0.824,Very High,Rocket,Very High,12.3,45,106233,Ballistic,4,17,Rain,4.3,20.5,14.7,47,C,AWACS,141,0.759,43,77,,No,High,High,Ballistic Missile
280,Fighter,408.6,31515.2,-46.5206,114.63933,33,5.1,-50.4,275,-36.1,6.94,2.1,20,294,46.04,-10682,16.3,0.401,Very High,Jet,High,24.3,5.1,150688,Combat,6,28,Rain,29.7,14,28.9,79,L,Ground Radar,344,0.795,421.5,65,,No,High,High,Fighter
281,Ballistic Missile,5009.6,21287.6,54.98661,169.8041,6,16.6,16.9,234,-24.7,9.43,8.78,236,277,36.97,1421,35.1,0.036,Very High,Rocket,Very High,37.1,15,81830,Ballistic,6,17,Fog,19.8,0.8,8.8,58,C,AWACS,214,0.971,356.9,119,Strong,No,Low,High,Ballistic Missile
282,UAV,25.9,46293,-36.11363,71.79487,208,3.5,7.6,94,-21.8,7.13,10.98,348.2,24,22.02,17164,37.2,0.09,High,Electric,Low,20.8,11.4,175368,Loiter,5,2,Rain,9.9,1.7,-6.9,10,X,IRST,304,0.9,132,163,Moderate,No,Low,High,UAV
283,Helicopter,77.3,10647,7.57379,-113.22782,287,17.1,36.2,16,-24.9,-1.94,4.64,6,82,7.69,29852,7,0.422,High,Turboshaft,Medium,33.7,49.3,18432,Hover,5,25,Rain,22.3,1.1,-10.2,60,L,IRST,376,0.738,588.4,177,Strong,No,Low,High,Helicopter
284,Hypersonic Missile,3226.3,13407.4,-55.99278,87.27431,53,12.1,7.6,220,22.2,1.19,7.98,386.5,338,14.95,22659,22.1,0.842,Medium,Scramjet,Very High,4,36.8,9877,Glide,4,26,Storm,14.2,23.8,-16.6,38,L,AWACS,308,0.614,138.1,61,Moderate,Yes,Low,High,Hypersonic Missile
285,Helicopter,68.5,3166.3,30.1976,-112.01131,335,4.4,50.4,262,-44.3,19.88,23.78,213.8,278,44.06,46198,28.5,0.809,Low,Turboshaft,Medium,32.3,58.6,42843,Hover,3,9,Clear,2.5,21.1,8.1,75,S,IRST,346,0.816,404.3,175,,Yes,Medium,Low,Helicopter
286,UAV,59.8,25172.5,-48.24467,158.33391,184,-6.5,-23.6,119,-32.2,18.07,24.22,295.2,217,7.62,25037,37.5,0.884,High,Electric,Low,29.9,25.2,72575,Loiter,10,10,Rain,25.7,6.5,15.7,18,S,IRST,407,0.977,225.5,48,,No,High,Medium,UAV
287,Cruise Missile,229.9,30057.4,47.8797,178.75869,136,2.7,36.9,166,0.3,6.89,22.52,25.3,319,12.84,-23040,19.1,0.323,Low,Turbojet,Medium,45,33.9,19226,Terrain Following,5,30,Storm,13.8,4,39.8,12,L,AESA,142,0.537,406.3,134,Weak,No,High,Medium,Cruise Missile
288,Transport Aircraft,239.9,42764.7,54.70713,-170.62698,154,-4.8,-22,325,-43.7,5.91,8.92,327.6,128,12.02,10222,35.7,0.525,Medium,Turbofan,High,17.7,40.4,132489,Cruise,1,21,Rain,11.2,18.5,8.8,34,X,Ground Radar,239,0.784,133.8,79,Weak,Yes,Low,Low,Transport Aircraft
289,Transport Aircraft,257.3,21362.5,-56.0996,-82.74167,172,-6.6,16.7,118,40.2,16.03,12.15,197,152,10.88,-40502,15.1,0.821,Low,Turbofan,High,3.4,27,194302,Cruise,2,6,Clear,7.1,23.5,22.8,98,S,IRST,173,0.811,594.6,140,Weak,No,Medium,Low,Transport Aircraft
290,Hypersonic Missile,2753.9,39392.4,52.02118,-164.18433,246,-8.4,20.4,183,-34.7,-2.44,21.99,239.1,279,29.83,-43300,34.7,0.062,Very High,Scramjet,Very High,44.1,37.9,188699,Glide,7,25,Clear,18.4,18,-11.5,29,X,AESA,176,0.977,251.3,33,,Yes,Medium,Low,Hypersonic Missile
291,Helicopter,81.1,36440.4,52.07246,-138.77241,314,14.1,-43.4,264,-10.5,10.82,24.61,101.6,53,14.77,-38612,14.4,0.997,Very High,Turboshaft,Medium,26,3.6,117616,Hover,4,30,Rain,10.9,11.3,-6.7,29,L,AESA,209,0.566,460.2,144,,Yes,High,Medium,Helicopter
292,UAV,49.6,42983,18.25884,-140.82999,154,9.1,-58.5,74,-34.3,2.16,29.29,243.1,266,44.87,33462,14.1,0.737,Medium,Electric,Low,37.7,31.9,7448,Loiter,3,22,Fog,10.6,24.6,29.4,36,X,AESA,196,0.927,256.9,49,Strong,Yes,High,High,UAV
293,UAV,38.3,38478.9,36.06829,53.24088,352,-1.5,-19.7,173,-45.2,6.17,6.04,316,276,7.68,-40653,28.4,0.962,Very High,Electric,Low,19,51.2,94022,Loiter,5,28,Storm,15.4,3.2,-6.2,20,S,Ground Radar,68,0.937,287.2,8,,No,Low,Medium,UAV
294,Hypersonic Missile,3059.6,32817,-34.47794,89.6665,93,11.1,-38.2,343,1.7,8.55,26.64,174.4,94,43.01,37869,34.2,0.962,Low,Scramjet,Very High,13.5,25.6,150565,Glide,7,30,Fog,15.7,1.8,-7.3,36,X,AWACS,493,0.801,458.5,29,Moderate,Yes,Medium,High,Hypersonic Missile
295,Ballistic Missile,4764.6,48058.1,-52.97615,-107.76857,10,-17.4,35.3,178,17.5,-3.14,27.65,116.4,58,23.72,-20645,31.5,0.588,Low,Rocket,Very High,37.9,9.4,108077,Ballistic,3,2,Fog,2,0.2,6.5,51,C,AESA,395,0.806,296.3,78,,Yes,Low,Low,Ballistic Missile
296,Transport Aircraft,247.8,6170.3,17.00223,114.24994,201,-13.2,16.4,275,21.3,7.19,28.98,301.2,78,6.31,8141,11.8,0.427,Medium,Turbofan,High,18.1,29.3,38191,Cruise,1,12,Clear,10.9,5.3,16.5,57,C,AWACS,86,0.765,295.9,55,Strong,Yes,Low,High,Transport Aircraft
297,UAV,26.7,11733.4,53.7893,152.30395,343,-19.3,-2.4,274,-3.8,9.06,21.21,284.1,153,0.91,-14497,31.9,0.729,Low,Electric,Low,23.4,21.7,66360,Loiter,4,23,Fog,15.6,23.4,-19,86,C,IRST,59,0.766,489.1,84,Strong,Yes,High,Low,UAV
298,Transport Aircraft,240.9,663.8,24.91199,150.16449,212,4.2,-15.4,148,-43.1,6.34,9.05,41.8,165,7.3,38831,36.2,0.886,High,Turbofan,High,23.8,38.4,43720,Cruise,6,16,Clear,26.2,11.2,33.8,60,C,IRST,40,0.857,519.3,185,Weak,No,High,Medium,Transport Aircraft
299,UAV,39.2,29624.5,-59.95491,99.29664,19,0.3,49.3,356,15.2,16.64,10.49,319,77,6.32,2591,38.5,0.345,Very High,Electric,Low,44,4.5,165879,Loiter,5,13,Rain,13.6,18.5,4.2,80,S,AESA,74,0.868,286.7,200,,Yes,Low,Low,UAV
300,Cruise Missile,224.5,31282.8,-4.53403,-151.97565,221,19.7,-8.2,219,28.7,11.6,5.11,364.4,218,21.41,-41209,39.5,0.727,Very High,Turbojet,Medium,36.5,31.1,137985,Terrain Following,3,14,Fog,8.7,2.5,36.2,87,C,Ground Radar,411,0.705,201,34,Weak,No,Low,Medium,Cruise Missile
301,Ballistic Missile,5836,25027.2,52.00351,-93.95692,229,15.4,3.1,305,44.8,5.12,15.69,289.7,19,20.39,8167,27.7,0.225,Very High,Rocket,Very High,39.8,9,12850,Ballistic,5,23,Fog,6.7,20.9,4.8,32,C,AWACS,226,0.615,212.9,88,Weak,No,High,Low,Ballistic Missile
302,Transport Aircraft,255.3,311.5,50.28041,-54.29825,135,-18.3,-2.6,275,31.9,1.23,2.38,124.7,103,44.95,-41405,16.7,0.738,Very High,Turbofan,High,10.4,24.8,53401,Cruise,8,2,Rain,21.6,10.1,-16,81,S,IRST,486,0.502,123.5,20,Weak,No,Medium,High,Transport Aircraft
303,Helicopter,63,7006.7,-1.5491,70.6459,50,-5.1,-43.9,243,12.7,0.71,6.14,399.9,158,13.29,41543,24,0.041,High,Turboshaft,Medium,28.6,8.8,6565,Hover,4,27,Fog,12.7,8.6,2.8,68,C,IRST,351,0.614,188.9,104,Moderate,Yes,Low,Medium,Helicopter
304,Hypersonic Missile,2670.1,18246.8,-11.63942,145.54338,266,-16.5,26.1,296,36.7,17.74,10.16,219.8,61,5.41,-32369,25.3,0.225,Very High,Scramjet,Very High,26.8,53.4,112782,Glide,7,2,Clear,12.1,13.3,17.7,35,L,AWACS,114,0.645,462,51,Weak,No,Medium,Low,Hypersonic Missile
305,Transport Aircraft,227,23440.6,10.27078,-124.54426,292,10.4,21.7,157,-13.1,-0.84,11.47,51.4,346,17.83,-31818,37.5,0.974,Low,Turbofan,High,29.1,56.5,81484,Cruise,6,11,Storm,9.1,14.9,-4.2,63,X,IRST,498,0.93,112.8,62,,Yes,Low,High,Transport Aircraft
306,Hypersonic Missile,3314.1,37928.2,-47.87876,-134.56136,264,18,-32.5,256,43.4,15.85,12.95,11.7,234,27.53,-49822,13.8,0.804,Medium,Scramjet,Very High,6.3,24.2,26178,Glide,7,30,Rain,23.4,19.3,-14.1,33,C,AESA,225,0.682,331.5,23,Moderate,Yes,Medium,High,Hypersonic Missile
307,Cruise Missile,277.5,15087.4,-45.86392,-101.95805,268,-3.8,-34.2,260,-36.9,-4.9,1.95,328.3,131,46.05,-31001,28.5,0.078,Low,Turbojet,Medium,19.7,48.6,105553,Terrain Following,2,27,Clear,10.2,1.1,29,96,X,IRST,166,0.835,124.9,199,Moderate,Yes,Low,Medium,Cruise Missile
308,Cruise Missile,256.8,5761.7,-34.91985,111.69596,206,-7.1,42.1,70,38.2,1.41,15.2,170.5,20,45.76,-11428,23.3,0.852,Very High,Turbojet,Medium,44.6,24.6,163396,Terrain Following,1,27,Rain,13.9,10,1.6,83,S,AESA,436,0.93,442,151,Strong,Yes,Low,Medium,Cruise Missile
309,Fighter,341.8,1974.4,29.02941,22.67436,291,17.7,-34.6,324,46.1,-0.44,3.9,392.6,233,5.48,-3954,21.3,0.976,Low,Jet,High,20.2,30.7,138117,Combat,7,22,Fog,29,1.1,17.3,80,C,Ground Radar,78,0.934,223,120,Moderate,No,Low,Low,Fighter
310,Cruise Missile,202.8,26825.1,-10.59196,169.69555,141,-19.7,-23.3,66,-42.7,6.08,14.51,146.6,197,17.52,30572,16.3,0.914,Low,Turbojet,Medium,17.7,57.4,31531,Terrain Following,3,5,Fog,17.8,10.6,-19,18,L,Ground Radar,203,0.767,460.7,117,,No,Medium,Low,Cruise Missile
311,Helicopter,42.3,8682.3,51.84233,85.74034,2,-11.4,-13.7,295,-1.3,11.45,13.77,174.4,29,48.51,14243,38.2,0.077,Very High,Turboshaft,Medium,12.2,40,166931,Hover,10,17,Clear,8.7,15.9,-9.8,21,X,AESA,164,0.974,580.1,151,Strong,No,High,High,Helicopter
312,Helicopter,73.5,40511.7,-18.98065,-39.37393,273,14.4,-18.2,27,-30.2,16.01,12.92,32.7,180,9.92,-35463,7.1,0.469,Very High,Turboshaft,Medium,36.8,24.5,139179,Hover,2,7,Storm,11.2,18.2,5.1,56,X,AESA,407,0.836,508,62,,Yes,High,Medium,Helicopter
313,Helicopter,72,47964.9,-34.29272,-3.37207,192,-19.8,-15.1,305,37.3,-4.23,7.98,140.9,280,39.95,-31484,10.1,0.641,Low,Turboshaft,Medium,47.5,46.9,122889,Hover,5,2,Fog,26.7,8.8,21.4,24,X,Ground Radar,155,0.921,92.8,49,,Yes,Low,High,Helicopter
314,Cruise Missile,256.3,49698.5,-26.13918,-66.68562,294,15,-59.8,91,-11.4,7.59,17.74,34.4,3,1.57,12926,22.6,0.788,Medium,Turbojet,Medium,16.8,57,130135,Terrain Following,10,8,Clear,17.6,7.9,-6.2,47,X,AWACS,443,0.834,420.2,29,Strong,Yes,Low,Low,Cruise Missile
315,Ballistic Missile,3239.5,25588.3,3.18417,-125.86362,308,18.4,-40.5,224,-26,2.17,7.76,94.1,294,6.93,46911,35.5,0.327,Low,Rocket,Very High,36.1,17.4,23093,Ballistic,3,6,Clear,1,18.5,28.6,26,L,IRST,250,0.535,288.1,127,,Yes,High,Low,Ballistic Missile
316,Helicopter,72.1,17482.5,-11.39734,-156.06968,176,13.7,35.6,20,21,-0.9,16.6,228.2,105,8.14,48840,29.9,0.679,Very High,Turboshaft,Medium,13.1,40.1,111538,Hover,5,15,Clear,21.7,19.9,-5.7,81,S,IRST,141,0.62,257.3,143,Moderate,No,High,Medium,Helicopter
317,Fighter,304.1,42224.7,39.6796,102.51239,354,12.4,-18.3,78,21.9,14.22,3.97,244.7,18,15.63,10846,36.5,0.302,High,Jet,High,6.8,36.1,148659,Combat,2,26,Clear,25,1.2,28.9,99,C,AWACS,247,0.511,51.6,25,,No,Low,High,Fighter
318,Transport Aircraft,210.5,47735.6,-56.92847,-58.5829,277,13.8,-59.6,22,-43.2,10.47,1.02,128.9,280,49.05,-43301,7.8,0.008,Very High,Turbofan,High,49.8,3.5,163850,Cruise,3,21,Storm,14,13.5,29.5,39,S,Ground Radar,145,0.71,395.5,15,Moderate,No,Low,High,Transport Aircraft
319,Transport Aircraft,250.5,37680.3,26.05979,-38.86557,241,8.6,13.6,137,-26.1,9.49,0.68,389.4,319,30.25,41436,24.6,0.485,High,Turbofan,High,10.4,9.7,132467,Cruise,9,28,Clear,13.3,1.1,36.2,19,C,Ground Radar,150,0.527,494.6,143,Moderate,Yes,High,Medium,Transport Aircraft
320,UAV,56.8,28798.9,13.82714,92.79731,200,6.3,-24,358,-2,-1.1,1.99,346.8,255,6.09,11835,14.1,0.473,Low,Electric,Low,25.4,42.9,80221,Loiter,3,20,Fog,20.9,0.2,35.8,51,C,AWACS,124,0.826,272.4,108,,No,Low,High,UAV
321,UAV,56,11106.1,7.81016,-141.54091,345,-11.9,32.1,34,12,19.24,24.33,83.2,76,19.94,-32616,32.7,0.676,High,Electric,Low,36.8,45.6,111272,Loiter,1,17,Rain,27.9,22.9,17.8,44,S,AESA,311,0.691,65,59,,No,Low,Medium,UAV
322,Cruise Missile,180.7,10808.3,-38.01067,-56.76835,73,4.9,45.5,219,8.8,16.47,28.95,77.6,95,39.35,34199,21.6,0.004,Medium,Turbojet,Medium,2.9,47.7,190934,Terrain Following,9,7,Fog,6.6,3.5,42.3,98,C,Ground Radar,429,0.966,478.8,141,,Yes,Medium,Medium,Cruise Missile
323,Hypersonic Missile,2739.3,45650.9,-5.42408,72.98638,197,13.6,-6.2,263,32.7,10.36,20.12,249.2,271,49.15,44964,37.6,0.284,Medium,Scramjet,Very High,7.7,59.4,49819,Glide,3,21,Clear,16.1,2,-11.8,96,L,AWACS,422,0.728,403.5,121,,No,Low,Low,Hypersonic Missile
324,Helicopter,70.2,49380.5,-1.41341,48.37315,162,3.3,6.3,49,13.3,13.3,22.56,137.3,321,20.77,-23009,16.1,0.901,Medium,Turboshaft,Medium,24.9,5.8,28843,Hover,5,10,Rain,24.6,23.9,-9.2,74,X,IRST,62,0.603,428.9,4,Weak,Yes,Medium,Low,Helicopter
325,Helicopter,43.1,9134.5,-10.51642,-58.85935,332,19.7,-46.8,153,-22.6,19.26,2.28,276.1,28,18.07,-34206,7.2,0.918,Low,Turboshaft,Medium,15.9,51.7,46490,Hover,2,7,Storm,9,17.9,-9.7,57,L,Ground Radar,429,0.899,211.2,93,Strong,Yes,Medium,High,Helicopter
326,Fighter,679.7,29010.1,27.80105,75.30222,207,-16.7,-11.9,222,-40.4,18.07,16.97,225.1,91,0.81,35613,11.3,0.868,High,Jet,High,30.9,35.9,125170,Combat,1,30,Fog,26.5,5.9,31.7,17,C,Ground Radar,81,0.76,226.9,142,Weak,No,Low,High,Fighter
327,Fighter,446.5,12827.8,-43.98056,-135.60637,38,-13.2,-1.5,232,9.8,15.1,14.08,325.8,130,24.15,-44160,25.1,0.352,High,Jet,High,11,41,183333,Combat,5,3,Clear,27.8,19.6,34,19,L,Ground Radar,123,0.566,145.2,155,Strong,No,High,Low,Fighter
328,Helicopter,56.6,39999.8,-40.91464,15.12908,257,-9.7,-15.3,58,5.2,16.44,10.79,108.6,328,43.43,25098,21.3,0.114,Medium,Turboshaft,Medium,49.1,27.5,188079,Hover,9,6,Rain,22.9,0.9,13.6,90,S,Ground Radar,137,0.797,263.9,84,,Yes,Low,Medium,Helicopter
329,UAV,49.9,225.9,38.70203,-118.64724,318,-3.1,-5.9,51,29.3,3.82,1.28,308.6,284,16.97,28153,16.4,0.506,Medium,Electric,Low,31,46.8,12080,Loiter,5,7,Fog,23.6,9.9,-0.7,12,L,AESA,290,0.943,519.3,187,Strong,No,High,Low,UAV
330,UAV,61.6,10176.2,11.76031,-156.13286,138,-11.6,-49.2,18,8.2,-4.76,3.57,393.4,265,20.07,36287,38.3,0.07,Very High,Electric,Low,17.6,15.1,57070,Loiter,2,30,Fog,21.5,3.2,-0.3,17,L,AWACS,440,0.611,431.8,27,Weak,Yes,Low,High,UAV
331,Transport Aircraft,239.2,18092.9,-56.64376,20.396,315,-18.4,11.8,65,-46.2,-3.61,13.24,281,129,19.38,20835,6,0.236,Very High,Turbofan,High,37.9,41.5,19955,Cruise,3,16,Storm,26.9,5.9,27.3,48,C,Ground Radar,392,0.984,599.2,58,Strong,Yes,High,Medium,Transport Aircraft
332,Fighter,194.6,7470.8,-13.5999,2.37862,359,7,-13.8,203,9.5,5.67,19.62,314.1,181,32.44,33123,35.6,0.282,Medium,Jet,High,47.3,40.2,146632,Combat,4,27,Rain,19.9,4.3,-6.3,65,L,AESA,92,0.75,528.9,143,Weak,No,High,Low,Fighter
333,Ballistic Missile,2799.7,47158.7,-52.03184,47.78526,16,-18.8,14,352,-27.7,9.84,1.5,292.7,358,11.79,2981,21,0.583,Low,Rocket,Very High,20.1,40.9,173835,Ballistic,1,18,Storm,15.7,8,-6.3,11,C,Ground Radar,50,0.857,99.1,171,Weak,No,High,High,Ballistic Missile
334,Cruise Missile,263.2,49186.3,3.27895,-49.84178,274,7.6,16.4,311,-2.2,5.9,8.81,354.5,49,29.46,-21216,39.2,0.156,High,Turbojet,Medium,40.1,54.3,168206,Terrain Following,8,3,Rain,17.5,3,-18.6,11,X,Ground Radar,205,0.949,40.2,124,Strong,Yes,Medium,Medium,Cruise Missile
335,Helicopter,42.1,3820.8,57.26577,67.46421,1,7.5,50.2,94,39.7,-4.35,1.87,327.8,141,41.2,-19851,34.6,0.788,High,Turboshaft,Medium,22.9,36.7,183174,Hover,1,12,Clear,27.4,10.4,41.5,54,C,AESA,309,0.808,435.2,30,Weak,No,High,Medium,Helicopter
336,Ballistic Missile,6719.4,14828.4,18.86346,49.42511,46,8.7,-2.5,53,-30,17.48,24.67,109.1,80,24.5,47655,6.2,0.183,Low,Rocket,Very High,2.5,12.2,169633,Ballistic,3,22,Rain,7.3,4.6,38.7,47,L,AWACS,458,0.627,265.3,35,Moderate,No,Medium,Medium,Ballistic Missile
337,Transport Aircraft,211.6,28934.3,-49.76377,-145.56943,212,-0.8,-47.8,103,-9.8,-3.42,6.14,295.5,143,14.91,38018,5.8,0.435,High,Turbofan,High,4.6,25.7,178076,Cruise,4,4,Fog,25.1,19.7,9.5,14,C,IRST,361,1,101.8,69,Strong,Yes,Medium,Low,Transport Aircraft
338,Ballistic Missile,4018.9,34893.7,-14.68837,171.34673,97,-9.3,6.6,47,-34.8,1.96,26.12,172.3,104,19.83,-11289,37.2,0.745,Medium,Rocket,Very High,9.3,24,163347,Ballistic,1,29,Rain,12.4,14.5,27.4,78,S,IRST,95,0.93,491.7,82,,Yes,Low,Medium,Ballistic Missile
339,Fighter,451.2,30927.8,-45.18319,-175.15832,331,-4.1,18.3,226,37.1,9,6.75,61.1,61,9.75,-4171,36.8,0.461,Medium,Jet,High,38.3,2.1,22950,Combat,3,10,Clear,7.9,20.8,-6.6,20,X,Ground Radar,56,0.568,556.2,149,Strong,Yes,Low,High,Fighter
340,Hypersonic Missile,3243.5,34631.9,17.68996,101.30726,343,8.3,36.8,194,28.1,2.89,3.3,122.2,70,34.51,703,12.1,0.989,Low,Scramjet,Very High,39.6,18.6,118841,Glide,8,17,Clear,16.5,9.1,20.4,38,X,Ground Radar,150,0.598,547.1,182,Weak,No,Medium,High,Hypersonic Missile
341,Helicopter,81.5,44941.5,-19.25068,-135.32977,257,17.4,-56.6,4,29.2,19.56,6.35,19,263,10.93,2265,39.6,0.244,Medium,Turboshaft,Medium,8.8,47.8,164716,Hover,4,17,Clear,22.9,2.8,-8.3,99,X,AESA,190,0.982,47.8,91,Strong,Yes,Medium,High,Helicopter
342,Ballistic Missile,3013,2616.4,28.65787,-105.29676,113,5.8,-42.7,323,-10.8,6.78,25.59,319.7,274,25.82,-49270,36.3,0.94,High,Rocket,Very High,2.2,53.9,55993,Ballistic,2,29,Clear,13.8,1.8,-19.5,69,X,AWACS,258,0.659,119.1,23,,No,High,Medium,Ballistic Missile
343,Cruise Missile,278.7,8399.7,-3.40322,-117.08214,16,10.6,-8.3,6,30.5,19.91,11.86,198.4,72,22.45,37567,30.2,0.286,Medium,Turbojet,Medium,3.4,0,132096,Terrain Following,9,15,Rain,9.3,8.7,10.8,99,C,IRST,311,0.649,331.4,92,Strong,Yes,Low,Medium,Cruise Missile
344,UAV,68.3,42983.2,-47.72938,-86.45976,206,-9.8,13.7,82,39,1.25,29.48,363.5,201,20.63,-25221,16.2,0.498,High,Electric,Low,3.2,49.9,38211,Loiter,6,9,Fog,18.4,9.3,-7.9,69,X,AESA,366,0.81,40.4,78,Weak,Yes,High,High,UAV
345,Hypersonic Missile,2720.9,22720.4,-21.97806,8.54228,167,15.9,-8.2,228,-24.9,-3.08,0.17,377.6,124,46.4,27749,26.5,0.355,Low,Scramjet,Very High,15.2,1.6,152730,Glide,2,21,Clear,21.7,1.6,-17.7,27,S,Ground Radar,85,0.673,508.1,74,Strong,Yes,High,Medium,Hypersonic Missile
346,Ballistic Missile,3949.8,15667.9,56.46194,140.5654,232,9.3,-30.3,333,32.2,-0.25,2.91,167.8,137,7.04,-39392,8,0.379,Medium,Rocket,Very High,39.1,56.6,181526,Ballistic,5,16,Fog,16.8,10.2,16,52,C,Ground Radar,162,0.785,455.6,159,,No,Low,High,Ballistic Missile
347,UAV,49.3,45440.5,50.20272,-114.33678,294,-18.5,23.1,352,-44.8,15.43,22.78,274.7,163,26.61,-38924,23.8,0.129,Medium,Electric,Low,3,14.7,69978,Loiter,9,26,Clear,2.8,7.7,-19,48,S,AWACS,431,0.668,148.5,39,,Yes,Medium,Low,UAV
348,Cruise Missile,272.7,28567,-24.697,-5.71963,201,-14.1,43.3,356,26.9,4.33,21.11,298.2,92,43.56,-20597,37.6,0.423,Low,Turbojet,Medium,46.1,20.8,175398,Terrain Following,8,28,Fog,29.9,11.7,20.7,88,L,AWACS,99,0.872,436.4,32,,Yes,Low,Medium,Cruise Missile
349,Fighter,701.5,29981.5,-2.47614,70.48063,213,7.2,-8.3,69,-19.7,8.3,13.33,9,163,13.43,45802,33.3,0.165,Medium,Jet,High,44.9,34.2,49687,Combat,4,28,Clear,22.8,23.6,17.4,57,S,AESA,5,0.547,524.9,112,,Yes,Medium,High,Fighter
350,UAV,63.9,23089.6,48.00463,13.67333,65,-13.2,4.7,46,8.8,3.39,17.28,248.9,312,38.07,6459,26.4,0.563,Low,Electric,Low,26.7,57.9,119357,Loiter,3,11,Rain,9.1,19.8,29.4,31,S,AWACS,53,0.66,474.2,138,,No,High,Low,UAV
351,Ballistic Missile,5454.1,12162.1,-34.03874,103.3881,145,-8.1,-40.2,118,16.2,5.68,29.17,75.1,176,7.34,9792,14.2,0.298,Very High,Rocket,Very High,11.7,49.2,79554,Ballistic,2,2,Clear,12.9,0.8,-8.7,24,C,AESA,81,0.825,504.1,116,Strong,Yes,Low,Medium,Ballistic Missile
352,Fighter,207.2,43423.7,-56.4755,-115.86262,22,15.8,21.6,295,29.4,-1.59,25.68,261.5,189,25.18,13225,25.4,0.063,Very High,Jet,High,8.4,56.4,150452,Combat,10,17,Storm,5.5,17.6,32.6,87,X,Ground Radar,77,0.553,433.8,86,Moderate,Yes,High,Medium,Fighter
353,Transport Aircraft,211.2,11113,-17.82836,124.07227,226,12,-32.1,263,9.6,16.72,21.21,106.2,312,8.08,21299,6.9,0.568,High,Turbofan,High,42.6,10.6,146165,Cruise,10,8,Fog,19.9,16.2,-12.2,15,C,IRST,175,0.809,193.3,176,,Yes,Medium,Low,Transport Aircraft
354,Cruise Missile,265.8,22971.4,19.59245,104.43212,70,-12.3,18.4,215,-2.9,15.73,20.25,153.9,26,28.03,18195,18.2,0.791,Very High,Turbojet,Medium,38.1,55.2,182383,Terrain Following,6,27,Fog,4.1,4.2,22.8,39,S,Ground Radar,10,0.556,339,113,Strong,Yes,High,Low,Cruise Missile
355,Cruise Missile,240.6,40385.8,-47.96007,-171.66606,37,-19.6,-31.6,3,11.2,-2.65,13.31,200.8,96,34.37,-6310,16,0.361,Low,Turbojet,Medium,4.7,12.9,65765,Terrain Following,4,22,Rain,17.7,24.2,-19.2,20,C,AWACS,34,0.99,10,32,Strong,Yes,High,Low,Cruise Missile
356,Fighter,546.4,40227.3,1.06124,82.84305,168,-8.2,-45.4,271,-22.5,12.77,16.91,303.9,179,28.3,-9635,8.3,0.94,Very High,Jet,High,26.1,50.6,146074,Combat,8,10,Clear,27.3,15.6,34.1,39,S,AWACS,266,0.729,41.1,173,Weak,No,Medium,Medium,Fighter
357,Ballistic Missile,5393.4,3750.4,29.06624,108.13321,69,14.5,-43,159,-31.2,4.51,9.79,98.9,318,17.14,48871,37.8,0.944,High,Rocket,Very High,14,5.9,15326,Ballistic,8,10,Clear,6.6,3,-7.4,41,X,AWACS,479,0.935,43.2,107,Strong,Yes,Medium,Medium,Ballistic Missile
358,Ballistic Missile,5201.7,17976.6,7.34115,-120.87925,103,17.9,-49.2,104,-23.2,1.97,3.42,239.4,244,15.05,-9815,34.4,0.43,Low,Rocket,Very High,43.7,38.9,177246,Ballistic,2,13,Fog,25.4,6.2,24.8,61,S,Ground Radar,357,0.579,414,74,Strong,Yes,Low,Medium,Ballistic Missile
359,Ballistic Missile,2929.7,5094.9,13.25062,66.68727,49,8.6,36.8,243,-2.6,10.47,3.34,115.2,145,23.78,48913,39.8,0.827,High,Rocket,Very High,19.8,39.8,103941,Ballistic,1,15,Fog,9.4,22.5,39.3,86,L,AWACS,355,0.672,25.2,89,Moderate,No,Medium,Medium,Ballistic Missile
360,Transport Aircraft,204.4,2493.4,7.71254,51.69456,264,19.4,48.7,100,9.3,13.48,1.52,324,132,46.07,-33122,14,0.401,Medium,Turbofan,High,27.4,8.2,187734,Cruise,8,28,Fog,8.1,22.7,17.6,69,S,IRST,150,0.682,277.3,131,Moderate,Yes,High,High,Transport Aircraft
361,Helicopter,40.1,2102.7,-12.41584,58.68537,120,-18.1,29.6,111,-30.7,-1.44,20.05,4.8,37,16.33,14881,19.8,0.569,Medium,Turboshaft,Medium,44.5,57,198006,Hover,3,28,Fog,13.9,7.9,32.2,85,C,AWACS,498,0.759,528,28,Weak,No,Medium,Low,Helicopter
362,UAV,23.4,40059.4,-23.32569,-164.20171,254,18.5,44.4,46,-46.2,4.01,2.59,159.2,10,24.25,-24960,18.1,0.438,Very High,Electric,Low,44.6,45,111465,Loiter,6,19,Clear,13.6,14.8,5.8,67,L,AESA,222,0.868,312.6,46,,No,Medium,High,UAV
363,Hypersonic Missile,2787.4,38913.7,-51.02258,131.69345,207,6.4,3.1,146,46,8.4,2.91,225.6,289,12.31,7183,37.7,0.41,Low,Scramjet,Very High,34.3,48.5,97183,Glide,8,14,Rain,27.6,22,-19.1,78,L,AESA,485,0.996,279.9,80,Weak,No,Low,High,Hypersonic Missile
364,Cruise Missile,236.6,47769.4,-46.65183,27.24236,94,-15.7,-44.1,47,2.6,1.67,4.94,347,283,33.61,-49497,15.8,0.279,Very High,Turbojet,Medium,26.4,18.9,191619,Terrain Following,1,28,Storm,8.8,16.3,8.6,97,S,AESA,413,0.832,119.6,164,Moderate,No,High,Medium,Cruise Missile
365,Helicopter,81.5,43497.2,9.43008,-150.4353,347,11.8,-21.1,101,-11.7,6.75,12.92,191.7,82,20.93,32485,39.7,0.221,Medium,Turboshaft,Medium,40.1,36.7,166950,Hover,8,29,Clear,8.2,20.1,12.8,85,L,AESA,187,0.902,384.1,149,,Yes,Low,Medium,Helicopter
366,Ballistic Missile,5304.3,25610.8,58.21649,-77.06716,29,-1.7,56.6,148,-32.6,-1.27,17.3,362.9,183,6.24,-40239,39.6,0.417,High,Rocket,Very High,10.7,51.7,150429,Ballistic,7,6,Rain,12.4,6.3,3.8,23,C,Ground Radar,81,0.885,294.4,70,Weak,No,Medium,Low,Ballistic Missile
367,Transport Aircraft,188.9,41373,47.94099,-165.83634,128,-16.1,27.9,185,-11.9,14.99,3.85,183.2,23,49.36,29122,29.7,0.767,Medium,Turbofan,High,4.9,20.6,29606,Cruise,9,5,Storm,13.8,14.3,35.5,45,X,AWACS,187,0.921,71.4,157,,Yes,Low,High,Transport Aircraft
368,Transport Aircraft,259.6,509.5,36.92222,-93.40568,98,-15.7,-50.2,278,-26.2,14.28,26.47,354.7,228,21.41,3373,8.6,0.014,Very High,Turbofan,High,15,0.5,57200,Cruise,3,8,Fog,19.8,14.4,11.8,21,L,Ground Radar,83,0.73,225.5,192,,Yes,Low,High,Transport Aircraft
369,Ballistic Missile,6739.9,722.3,-49.78263,-40.93582,303,0.4,55.6,222,-0.5,-0.04,24.04,98,171,9.24,-46013,35.4,0.707,Medium,Rocket,Very High,3.6,24.1,186573,Ballistic,3,24,Rain,15.9,7.4,29.7,76,S,AESA,160,0.769,540.2,72,Moderate,Yes,High,Medium,Ballistic Missile
370,Transport Aircraft,248.3,19619.6,-57.80835,-177.82679,135,-6.6,-14.3,263,-45.8,16.07,26.99,168.6,85,22.08,-2973,19.4,0.526,Very High,Turbofan,High,16.3,40.5,153713,Cruise,9,23,Rain,17.2,6,44.7,43,X,IRST,331,0.903,521.1,37,Weak,Yes,Medium,Low,Transport Aircraft
371,Hypersonic Missile,3163.5,44436,-9.30092,138.64831,17,12.1,0.8,303,-12.2,19.01,3.66,324.8,65,47.39,27048,31.6,0.122,Low,Scramjet,Very High,44.1,52.2,146045,Glide,3,20,Fog,26.4,10.4,31.3,14,L,Ground Radar,303,0.708,532.9,13,,Yes,Low,High,Hypersonic Missile
372,Cruise Missile,218.7,27670.7,-26.12161,-22.89036,42,6.4,35.4,16,-22,0.34,29.17,292.6,161,27.52,701,18.4,0.666,Medium,Turbojet,Medium,11.9,26,381,Terrain Following,2,10,Fog,3.9,5.9,43.6,83,S,Ground Radar,316,0.601,473.6,168,,Yes,Medium,Low,Cruise Missile
373,Fighter,270.7,26731.4,42.90432,23.9621,5,-2.6,14.6,351,-18.8,9.94,19.61,21.5,11,46.5,17360,9.7,0.163,Medium,Jet,High,19.4,41.7,17815,Combat,10,29,Clear,8.2,4,-10.1,59,X,IRST,144,0.922,138.1,156,Weak,Yes,High,Low,Fighter
374,Hypersonic Missile,2468.6,15205.7,-27.99481,163.63317,264,14.9,20.8,228,-5,-3.01,4,267.6,317,2.29,20078,16.5,0.213,Low,Scramjet,Very High,30.2,36.6,185896,Glide,6,20,Storm,3.1,21.3,28.4,19,S,AESA,317,0.809,496,135,Moderate,Yes,Low,Medium,Hypersonic Missile
375,Fighter,568.5,25972.1,6.34414,119.43009,267,-12.4,11,96,40.5,9.9,4.59,90.4,160,11.68,14235,16.3,0.614,Low,Jet,High,16.4,51.2,11725,Combat,8,28,Clear,13.8,17.1,13.6,87,S,Ground Radar,16,0.562,282.6,133,Moderate,No,High,Low,Fighter
376,Transport Aircraft,187.2,30810.6,-36.21472,-49.98446,124,2.9,0,48,4.3,12.27,14.96,206.2,274,43.88,33437,28.2,0.898,Low,Turbofan,High,43.4,14.9,14182,Cruise,8,26,Storm,12.3,0.8,4.1,37,S,Ground Radar,210,0.718,351.2,28,Strong,No,High,Medium,Transport Aircraft
377,Hypersonic Missile,3381.4,4119.8,-36.58348,151.49117,132,-18.2,15.1,98,-4.3,-4.14,26.09,124.2,82,1.43,44480,22.6,0.688,Medium,Scramjet,Very High,30.9,28,13980,Glide,2,5,Clear,10.3,4.1,-7.3,10,L,AESA,275,0.661,105,122,Moderate,No,Low,High,Hypersonic Missile
378,Fighter,376.8,33989.2,33.45167,161.66512,356,11.1,-14.4,48,5.4,-0.19,25.88,17.5,270,31.63,-13473,17.9,0.154,Medium,Jet,High,38.2,10,997,Combat,5,18,Rain,17.2,4.5,29.8,99,C,IRST,158,0.884,495.8,47,Strong,Yes,Medium,Medium,Fighter
379,Cruise Missile,204.6,11092,-1.94681,54.51474,243,-4.4,-37.4,145,-24.3,5.88,22.97,267.6,134,34.95,8046,16.1,0.052,Very High,Turbojet,Medium,48.4,58.4,39872,Terrain Following,5,14,Clear,7.7,19.5,36.6,40,S,Ground Radar,414,0.959,194.4,139,,Yes,Medium,Low,Cruise Missile
380,UAV,26.5,39252.6,-24.86012,-140.96231,347,-9.7,14.8,302,35.4,-2.08,1.33,246.2,238,37.92,-26309,15,0.064,Very High,Electric,Low,41.4,40.9,12637,Loiter,3,18,Storm,29.2,23.9,-7.7,60,S,Ground Radar,200,0.657,78.1,51,Moderate,No,Low,Medium,UAV
381,Cruise Missile,229.9,46721.7,-39.26563,24.23123,149,0.4,-0.9,336,48,0.47,22.35,365.9,282,16.74,-42866,7.7,0.338,Very High,Turbojet,Medium,37.2,2.3,61630,Terrain Following,10,8,Fog,15.9,14.1,37,70,L,AWACS,410,0.701,333.3,143,Strong,Yes,High,High,Cruise Missile
382,UAV,35.7,3055.5,-20.54531,-127.2947,138,-17.4,-1.8,314,-12.9,13.89,11.81,11.6,34,33.16,6227,38.1,0.281,Low,Electric,Low,43,16.8,120723,Loiter,3,15,Rain,22.9,15.7,-6.8,16,X,IRST,433,0.561,577.4,185,,Yes,Low,High,UAV
383,Ballistic Missile,6524.6,27028.6,-34.78488,-23.08851,252,-2.3,-0.1,84,-9,3.9,12.42,145.8,342,18.05,-30175,26.2,0.473,High,Rocket,Very High,23.7,57.8,112307,Ballistic,1,18,Clear,9.1,24.3,41.9,90,X,AWACS,393,0.732,40.2,39,,Yes,Medium,High,Ballistic Missile
384,Fighter,604.8,14162.3,45.4377,-51.51817,57,5.5,-50.6,330,33.3,-3.97,27.34,363.8,143,43.52,28905,38.9,0.876,High,Jet,High,30.4,9.7,109228,Combat,8,28,Rain,10,10.2,7.3,14,C,Ground Radar,492,0.605,271.4,64,Strong,No,Low,Medium,Fighter
385,Ballistic Missile,3911.9,31321.4,7.87968,-5.34587,67,1.2,46.6,178,21.4,13.34,6.96,193.9,324,16.52,-155,17.5,0.233,Low,Rocket,Very High,3.7,18.5,135613,Ballistic,10,3,Rain,19.9,13.2,27.2,53,L,IRST,352,0.685,550.7,153,Weak,No,High,Low,Ballistic Missile
386,Fighter,423.7,30332.7,-58.77372,-147.12378,110,-11.8,59.6,153,41.3,-1.43,20.02,331.9,302,37.56,-34586,18.7,0.511,Very High,Jet,High,9.5,10.6,100938,Combat,4,23,Rain,3.2,21.7,16,85,C,IRST,171,0.739,317.7,32,Strong,No,High,High,Fighter
387,Helicopter,57,48691.4,51.14323,133.71699,168,-5.8,45.1,328,47.6,15.27,4.92,181.5,31,5.94,42583,24.7,0.866,Very High,Turboshaft,Medium,49.2,37.9,177490,Hover,6,28,Storm,27.4,15.5,-16.5,94,L,IRST,389,0.877,343.7,48,Weak,Yes,High,High,Helicopter
388,Transport Aircraft,254,21576.2,-12.06593,178.62682,129,-5.7,41.7,180,-19.9,2.93,12.71,68.8,160,11,40596,34,0.322,High,Turbofan,High,11.5,56.7,4258,Cruise,10,17,Storm,4.7,10.9,-6.8,60,S,AESA,358,0.557,115.4,170,Strong,No,High,Low,Transport Aircraft
389,UAV,24.4,24648.3,-7.67852,-165.31846,126,-15.2,-27.1,151,-33.6,17.76,0.21,57.3,287,0.45,35981,27.4,0.161,Low,Electric,Low,36.3,18.9,139364,Loiter,3,6,Rain,6.2,10.5,-13.3,19,S,AESA,391,0.595,289.3,79,Weak,Yes,Medium,Low,UAV
390,Transport Aircraft,253.5,17008.4,-33.57435,-23.66598,278,-16.6,-30,42,48.3,8.89,29.67,265.6,358,15.55,36830,13.6,0.567,High,Turbofan,High,16,37.7,144598,Cruise,4,26,Fog,14.1,17.9,34,90,L,AWACS,231,0.556,354.5,136,Weak,Yes,Medium,Low,Transport Aircraft
391,UAV,39.8,49738,-51.06372,126.85101,100,16.2,17,186,13.2,-4.96,19.91,355.6,192,14.46,12097,12.8,0.132,High,Electric,Low,12.7,43,62168,Loiter,2,3,Storm,25.4,15.8,1.9,99,S,IRST,498,0.788,442.7,161,Weak,No,Medium,High,UAV
392,Hypersonic Missile,3031.7,39799.7,56.40285,94.52331,296,-17.9,12.4,157,38.2,2.57,20.52,319.1,238,11.76,-22841,27.3,0.634,Very High,Scramjet,Very High,37,47.6,160253,Glide,6,12,Fog,6.4,21.4,21.2,86,S,AWACS,70,0.821,514.3,55,Weak,No,High,Low,Hypersonic Missile
393,Ballistic Missile,2059.7,37776.6,41.8648,-72.34665,33,-10.2,0,316,7.5,18.39,7.96,235.9,75,45.35,-35048,25.2,0.742,High,Rocket,Very High,3.3,25,93940,Ballistic,6,11,Storm,25,8.6,23.7,17,C,AWACS,379,0.744,556.8,112,,No,Medium,Medium,Ballistic Missile
394,Helicopter,57.8,2899.9,33.12611,-83.13064,88,13.5,14,170,-23.6,10.89,8.68,242.3,340,41.35,-5162,20.3,0.112,Medium,Turboshaft,Medium,46.4,4,116718,Hover,5,2,Storm,23.7,21.5,16.4,66,C,Ground Radar,196,0.989,287,105,Strong,No,Low,Low,Helicopter
395,Transport Aircraft,197.2,32374.2,-49.02899,-105.87322,83,13.9,-38.2,106,-18.7,17.67,17.04,209.5,94,31.19,42592,15.5,0.471,Low,Turbofan,High,8,0.2,14724,Cruise,3,15,Fog,16,16,33.3,97,C,AESA,70,0.843,330.4,28,Weak,No,High,Medium,Transport Aircraft
396,UAV,20.9,33208.6,47.66649,-96.07501,85,5.1,-58.2,126,-26.2,9.81,25.48,36.3,184,31.36,33230,31.4,0.739,Medium,Electric,Low,26.4,16.7,70490,Loiter,6,12,Storm,20,4.9,7.9,36,L,AESA,148,0.689,19.2,25,,Yes,Medium,High,UAV
397,Ballistic Missile,5093,28733.5,41.36689,-99.24668,101,9.9,15,155,23.8,10.34,2.98,151.8,211,48.06,-38016,25.7,0.039,High,Rocket,Very High,5.3,4.3,27169,Ballistic,10,19,Clear,26.3,18.1,19.4,24,X,AESA,420,0.821,542.9,121,Moderate,Yes,High,High,Ballistic Missile
398,Hypersonic Missile,3389.3,36820.3,-10.81964,5.62543,124,1,-13.9,114,-26.3,8.98,12.75,179,223,15,6856,24.8,0.529,Very High,Scramjet,Very High,35.9,55.1,61336,Glide,9,26,Rain,1.4,16.9,12.7,96,L,Ground Radar,444,0.722,440.7,50,Weak,Yes,Medium,Medium,Hypersonic Missile
399,Ballistic Missile,4047.2,12798.6,33.25846,-37.84287,221,-13.6,52.4,316,44.4,6.49,20.48,96.8,348,34.84,27307,16,0.438,Very High,Rocket,Very High,11.2,51.1,36274,Ballistic,7,4,Clear,3.8,10.5,-16.9,30,L,AESA,378,0.822,79.8,135,Strong,No,Medium,Low,Ballistic Missile
400,Cruise Missile,199.8,15932,13.11345,-43.80143,110,15.7,3.7,162,41.8,10.28,6.03,113.1,0,10.96,7835,16.7,0.377,Medium,Turbojet,Medium,13.6,32,27919,Terrain Following,2,28,Storm,26,2.1,-8.9,61,X,Ground Radar,7,0.509,194.1,42,Weak,Yes,High,High,Cruise Missile
401,Hypersonic Missile,3406.1,4955.3,22.10241,146.48459,79,-0.3,17.2,329,17.3,0.27,14.95,262.7,197,16.58,1052,15.2,0.635,Medium,Scramjet,Very High,38.7,17.2,114381,Glide,1,22,Rain,28.5,3.6,6.9,17,C,Ground Radar,442,0.743,366.4,14,,Yes,Medium,High,Hypersonic Missile
402,Hypersonic Missile,2502.1,43457.1,-54.26338,-173.6253,80,-16.8,-53.9,80,-35.9,17.22,5.52,65.6,284,5.97,16155,14.8,0.08,Very High,Scramjet,Very High,43.9,2.9,150851,Glide,2,23,Storm,27.7,22,-12,58,C,IRST,327,0.579,374.2,39,,Yes,High,Low,Hypersonic Missile
403,Hypersonic Missile,2219.4,29788.4,57.84924,-52.00484,255,-15,-56.1,179,-12.3,-2.99,8.13,128.4,116,5.05,-31874,6.4,0.807,Medium,Scramjet,Very High,17.3,14.5,178742,Glide,1,16,Rain,5.6,15.9,14,79,S,AESA,180,0.53,281,178,Weak,Yes,Low,Low,Hypersonic Missile
404,Helicopter,58.7,34172.3,54.54028,-75.01837,345,1.2,-9.2,66,48.7,6.84,16.61,399.2,96,23.76,8966,14.3,0.142,Medium,Turboshaft,Medium,43.2,26.1,50699,Hover,2,19,Storm,1.9,4.6,-11.5,34,X,Ground Radar,305,0.99,23.7,35,,No,Low,Low,Helicopter
405,UAV,68.6,23817,-18.53539,175.89824,97,-6.2,-30.8,41,-47.5,12.7,13.32,286,122,23.81,-32999,18.6,0.999,Very High,Electric,Low,7.5,1.4,136364,Loiter,3,12,Clear,28.8,4.6,11.6,72,L,AESA,40,0.89,187.4,99,Weak,Yes,Medium,Low,UAV
406,Helicopter,53,1045,30.99843,-111.44523,196,1.4,-5.7,292,28.8,-4.22,14.68,398.7,13,16.01,43174,36.2,0.815,Medium,Turboshaft,Medium,19.1,49,84452,Hover,2,23,Clear,20.4,21.5,35.7,21,C,AWACS,32,0.85,366.5,116,Moderate,No,High,Low,Helicopter
407,Hypersonic Missile,2110.8,47997.1,46.42102,172.41347,204,10.1,-46,153,-31,15.13,11.76,213.3,238,36.78,5680,6.7,0.418,Medium,Scramjet,Very High,43,14.6,164507,Glide,6,14,Fog,3.7,14.9,25.4,63,X,IRST,350,0.918,535.5,67,Moderate,Yes,Medium,High,Hypersonic Missile
408,Ballistic Missile,4934.7,7503,40.49364,-54.13552,8,11.3,-58.2,86,48.7,19.26,23.91,398.6,211,37.57,-45657,35.1,0.474,Low,Rocket,Very High,21.7,24.4,50887,Ballistic,1,11,Rain,9,11.1,1.9,73,X,AWACS,336,0.673,506.5,129,Moderate,No,Low,High,Ballistic Missile
409,Hypersonic Missile,3036,21648.9,2.00789,101.10493,241,-5.7,30.7,320,-49.4,8.05,19.96,362.1,170,36.37,-48043,10.7,0.945,Very High,Scramjet,Very High,7.1,33.8,153475,Glide,5,5,Rain,11.9,24.3,-18.2,23,X,AWACS,332,0.678,283.9,151,Strong,No,Medium,High,Hypersonic Missile
410,Cruise Missile,230.3,45970.3,39.33318,56.77552,352,-2.4,-19.1,163,49.2,3.04,14.71,159.1,39,8.87,21703,14.4,0.288,Low,Turbojet,Medium,18.2,32.1,147360,Terrain Following,2,4,Clear,14.4,14.5,0.5,43,S,IRST,216,0.784,13.7,86,,No,Low,High,Cruise Missile
411,Ballistic Missile,6196.3,45068.6,45.25276,-141.21149,64,1.1,53.6,186,2.7,1.88,19,68.9,268,22.26,-46715,15.2,0.399,Very High,Rocket,Very High,2.4,24.4,179013,Ballistic,10,27,Fog,15.3,21.5,-16.3,76,L,IRST,218,0.837,9.2,132,,No,Low,Low,Ballistic Missile
412,Ballistic Missile,5857.8,42693,-50.79861,117.61978,126,8.4,-21.3,197,5.6,-4.85,5.89,184.4,258,5.53,-29105,32.4,0.465,Medium,Rocket,Very High,26.2,9.2,117642,Ballistic,10,10,Rain,21.6,0.1,-9.7,79,X,IRST,11,0.971,531.1,128,Strong,Yes,Low,High,Ballistic Missile
413,Fighter,533.9,48027.5,-32.52585,-138.95668,188,10.1,-49.3,21,-3.8,9.45,9.1,65.1,203,36.77,-1585,39.4,0.757,Low,Jet,High,46.2,3.9,51941,Combat,9,18,Fog,21,8.4,35,90,L,Ground Radar,180,0.522,410.4,172,Moderate,Yes,High,Low,Fighter
414,Hypersonic Missile,2161.2,3237.9,40.82253,53.00128,295,16.7,-35.2,322,-23.6,-2.89,3.09,3.2,84,4.58,20959,25.9,0.884,High,Scramjet,Very High,13,28.2,9104,Glide,1,16,Storm,24,3.1,44.5,75,S,IRST,268,0.694,464,157,Moderate,No,High,High,Hypersonic Missile
415,Transport Aircraft,193.4,47839.8,57.3191,-126.74806,334,17.5,16.3,164,13.5,5.33,21.84,235.1,151,1.91,8549,38.6,0.527,Low,Turbofan,High,38.3,49.1,22610,Cruise,2,15,Clear,14.6,23.6,7.3,37,L,IRST,65,0.68,79.7,119,Moderate,Yes,Low,High,Transport Aircraft
416,Transport Aircraft,247.8,14634.1,14.20623,-112.73399,258,17.8,39.7,177,50,9.97,4.63,156,339,39.73,-37165,22.7,0.303,Low,Turbofan,High,19.8,11.9,132765,Cruise,1,10,Fog,29.1,15.7,27.9,42,S,Ground Radar,90,0.851,166.3,37,Moderate,Yes,High,Medium,Transport Aircraft
417,Ballistic Missile,6125.8,26854.6,57.90921,-164.45994,260,-2.3,-39.8,24,1.2,16.28,14.88,27.9,160,5.28,-25746,10.3,0.047,High,Rocket,Very High,25.5,54.7,152055,Ballistic,3,25,Storm,15.4,22,-2.4,66,C,AWACS,300,0.943,434.6,94,Strong,Yes,High,Medium,Ballistic Missile
418,Cruise Missile,251.5,16122.8,-26.13924,39.22737,29,15.5,-35.8,238,38.5,0.76,7.84,341.8,305,2.31,-6878,33.5,0.809,Low,Turbojet,Medium,48.3,20,191227,Terrain Following,10,11,Rain,29.2,20.2,0,48,X,IRST,25,0.672,564.4,148,,Yes,High,High,Cruise Missile
419,Helicopter,69.1,205.7,19.69896,-139.22617,119,3.4,-32.6,109,44.9,-2.73,29.88,259.2,195,38.43,25442,10.6,0.953,High,Turboshaft,Medium,42.1,34.9,129961,Hover,1,22,Storm,21.3,18.7,-13.8,56,S,IRST,398,0.703,448.6,156,Weak,Yes,High,High,Helicopter
420,Helicopter,82.3,32809.2,-52.81743,-63.16738,310,13.3,-49.2,84,4.5,3.44,13.87,75.9,70,34.69,33525,18,0.314,High,Turboshaft,Medium,19.6,50.2,111394,Hover,2,9,Storm,9.6,0.2,11.4,50,L,IRST,77,0.958,440.3,31,Weak,Yes,Low,Low,Helicopter
421,Cruise Missile,206.5,17702.8,25.53216,-10.35524,222,19.8,-47.5,8,25.7,17.54,22.52,390.8,345,1.89,14808,9.6,0.614,High,Turbojet,Medium,3,34.9,113543,Terrain Following,6,9,Storm,29.8,11,31.8,87,X,AESA,122,0.984,133.3,81,Weak,Yes,Low,Low,Cruise Missile
422,Transport Aircraft,221.5,6230.7,6.11561,-41.45111,204,15.4,-4.3,2,5.2,-4,26.78,247.2,350,41.53,-21022,8.2,0.429,Medium,Turbofan,High,29.5,29.5,22111,Cruise,5,19,Fog,23.6,12.6,21.2,34,L,Ground Radar,379,0.561,269.1,45,Moderate,No,Medium,Low,Transport Aircraft
423,Cruise Missile,232.7,19655.9,-34.17565,-170.76718,294,6.1,-54.2,297,-17.9,-3.69,9.4,283,290,17.98,-24722,28.4,0.411,Very High,Turbojet,Medium,42.2,19.6,39928,Terrain Following,2,13,Storm,9,24.2,3,68,L,Ground Radar,24,0.944,334.2,146,Moderate,No,Medium,High,Cruise Missile
424,Helicopter,64.3,24644,-1.99994,94.79962,153,4.6,-50.4,318,-35.9,-2.27,25.15,377.7,350,6.43,32284,23.8,0.553,Medium,Turboshaft,Medium,19.2,27.9,150032,Hover,6,8,Clear,4.6,12.9,-12.6,89,L,AESA,295,0.654,323,33,Weak,Yes,Medium,Low,Helicopter
425,Hypersonic Missile,2661.7,28632.8,-14.57053,-114.34824,230,-12.8,-56.3,146,28.8,6.56,11.06,107.4,249,29.85,-27513,18.6,0.342,Medium,Scramjet,Very High,5.5,42.9,65894,Glide,7,24,Storm,2.5,18,1.9,96,S,IRST,302,0.871,151.8,175,,Yes,High,Low,Hypersonic Missile
426,Fighter,377.2,33560,18.80752,64.20299,151,-10.6,-31.5,108,-45,13.98,24.85,104.5,262,25.68,10149,8.7,0.63,Very High,Jet,High,12.7,2.6,59268,Combat,10,14,Rain,7.4,7.2,-16.9,81,X,IRST,57,0.814,321.7,200,Strong,Yes,Low,High,Fighter
427,Transport Aircraft,226,506,36.2439,35.43845,96,-6.6,23.2,77,4.4,1.9,21.27,318,199,34.97,7643,30.7,0.954,High,Turbofan,High,34.1,38.9,46628,Cruise,8,20,Fog,18.5,2.3,43.8,14,X,Ground Radar,199,0.922,341.9,167,Strong,No,Low,Medium,Transport Aircraft
428,UAV,27,9495,-37.87775,-92.05361,351,12.1,-22.6,105,5,14.59,14.4,314.5,61,16.98,48400,36.9,0.523,Medium,Electric,Low,30.4,51.2,52358,Loiter,5,29,Clear,15.6,5,-0.1,98,C,AWACS,410,0.652,181.4,146,,Yes,Low,High,UAV
429,Hypersonic Missile,2917.4,6246.4,-33.90703,20.40306,189,7.2,-4.9,164,14.5,17.99,7.78,59,220,3.35,-13934,8.9,0.265,High,Scramjet,Very High,14.6,30.8,165142,Glide,4,25,Fog,7.9,3.6,44.6,76,L,AESA,235,0.698,66.4,198,Strong,No,High,High,Hypersonic Missile
430,Cruise Missile,190.9,39997.6,32.77337,36.07553,275,-18.6,-34.1,139,45.7,6.55,5.17,191.1,246,22.46,30481,37.8,0.559,Very High,Turbojet,Medium,8.5,5.2,71606,Terrain Following,1,26,Storm,6.7,6.1,2.2,40,L,AWACS,55,0.841,376.3,35,,No,Low,Low,Cruise Missile
431,Ballistic Missile,6489.1,41564.6,13.05507,87.6857,246,18.1,-24.4,46,-23,-2.12,20.9,298,111,28.7,46854,7.9,0.617,High,Rocket,Very High,19.8,58.2,23989,Ballistic,8,19,Clear,13.2,3.7,-18.3,75,C,IRST,41,0.593,497.1,131,Moderate,No,Medium,Medium,Ballistic Missile
432,Helicopter,69,23239.5,-32.56904,-99.64545,146,1.9,0.3,201,32.3,17.74,18.28,177.7,7,16.95,-2289,38.3,0.01,High,Turboshaft,Medium,17.5,31.5,186819,Hover,5,13,Storm,28.2,14.2,27.2,11,S,AESA,44,0.867,520.3,87,,Yes,High,Low,Helicopter
433,UAV,70.8,4628.2,-4.3411,171.31678,125,2.4,-41,172,-31,-3.71,29.4,230.3,284,28.17,-40702,21.2,0.493,High,Electric,Low,27.3,26.9,144244,Loiter,1,26,Rain,29.9,14.2,33.5,100,C,Ground Radar,354,0.639,254.9,168,Strong,No,High,High,UAV
434,UAV,45.8,29584,-27.64809,-85.82948,213,7.2,15.3,66,49.5,5.51,8.9,147.5,317,8,-27022,8.5,0.575,Medium,Electric,Low,25.4,22.3,107729,Loiter,5,28,Clear,29.2,6.9,27.1,72,S,AWACS,452,0.561,504.4,171,Weak,No,High,Medium,UAV
435,Helicopter,77.8,14808.8,57.55246,-33.52672,196,18.8,-53.5,103,32.8,11.72,3.65,201,194,48.09,-21811,35.2,0.497,Medium,Turboshaft,Medium,23.3,7.2,9260,Hover,3,25,Storm,4.4,19.8,-12.5,23,L,AWACS,144,0.559,534.1,23,,No,High,Medium,Helicopter
436,Hypersonic Missile,2699.2,38107.1,-58.82831,-30.04383,21,-3.5,-10.6,229,36.7,-2,0.88,301.9,74,47.24,25235,28.1,0.604,Medium,Scramjet,Very High,24.4,54.2,76641,Glide,4,30,Clear,10.8,9,34.4,20,X,IRST,397,0.943,363.5,28,Weak,No,High,Low,Hypersonic Missile
437,Cruise Missile,203.8,13716,-35.93076,115.28612,64,8,-15.8,47,6.2,-0.65,11.33,130.8,13,37.07,-14766,10.4,0.057,Medium,Turbojet,Medium,29.2,57.5,93991,Terrain Following,4,22,Rain,25.7,4.4,-13.5,95,L,Ground Radar,326,0.863,202.8,26,Moderate,Yes,Low,Low,Cruise Missile
438,Fighter,263.1,1964.9,13.24829,108.83337,119,-13.6,57.9,104,25.2,-3.8,4.4,263.4,1,20.08,5977,24.6,0.342,Low,Jet,High,35.7,56.3,14722,Combat,7,30,Rain,11.7,0.6,33.2,49,S,AWACS,6,0.766,53.5,18,Strong,No,High,Low,Fighter
439,Transport Aircraft,223.1,12947.4,-52.7872,-86.98029,18,0.6,-4.9,79,-1.1,18.66,29.07,284.1,136,29.3,-18551,26.1,0.356,Very High,Turbofan,High,20.2,3,158514,Cruise,5,11,Clear,20.5,1.7,26.5,30,C,AWACS,320,0.938,464,185,Strong,No,High,Medium,Transport Aircraft
440,Cruise Missile,258.6,30011.3,-21.92628,114.48364,297,15.2,-37.2,29,39.3,10.78,0.21,45.2,289,45.19,-7839,11.1,0.98,Very High,Turbojet,Medium,26.8,50.7,166802,Terrain Following,2,22,Rain,27.7,11.4,2.2,55,X,Ground Radar,413,0.926,210.5,63,,No,High,High,Cruise Missile
441,Ballistic Missile,4693,6291.2,37.16745,108.48835,307,4.6,55.9,30,42.9,11.45,17.63,223.5,305,21.34,42852,29.6,0.243,High,Rocket,Very High,6.3,19.4,30104,Ballistic,5,28,Rain,26.3,20.3,39.3,57,C,AWACS,59,0.919,188.7,100,,Yes,Low,Low,Ballistic Missile
442,Fighter,221.3,841.7,2.62149,15.99136,154,6.6,-12,78,-4.1,17.21,0.7,220.3,130,26.1,20311,18.6,0.737,Very High,Jet,High,22.8,41.6,112822,Combat,8,2,Storm,27.3,24.7,20.5,67,C,AESA,489,0.614,117.5,113,,Yes,High,High,Fighter
443,Hypersonic Missile,3402,47141.1,32.85083,-123.60239,210,-1.2,34.1,323,37.9,10.99,6.56,112.6,298,46.28,9190,31.3,0.123,Very High,Scramjet,Very High,41.7,45.8,103759,Glide,5,6,Storm,26.8,11.8,-9.3,39,C,AWACS,408,0.618,93.5,153,Moderate,No,Low,High,Hypersonic Missile
444,Hypersonic Missile,3221.9,37384.2,57.39883,86.10259,257,-5.2,16.4,128,44.4,5.32,13.37,78.3,243,18,8416,37.4,0.414,High,Scramjet,Very High,44.5,5.7,178958,Glide,5,21,Clear,21.9,3.1,32,65,L,Ground Radar,439,0.627,333.8,96,Weak,No,High,Low,Hypersonic Missile
445,UAV,55.2,23929.1,-2.21548,-55.20416,355,10.7,2.5,131,49.3,-2.87,4.59,124,205,34.6,18239,15.6,0.785,High,Electric,Low,2.5,8.9,118376,Loiter,5,8,Fog,27.2,7.6,44.1,59,L,Ground Radar,262,0.504,271.1,48,Strong,No,Low,Medium,UAV
446,Helicopter,42.9,34594.1,7.32075,64.49013,129,11.4,-3,115,-34.2,5.45,25.69,254.7,12,43.3,-47556,36.6,0.839,Low,Turboshaft,Medium,15.9,6.2,161001,Hover,2,8,Clear,21.8,4.1,5.4,19,L,IRST,318,0.958,140.2,13,Strong,No,Medium,Low,Helicopter
447,Transport Aircraft,194.9,27086.5,-19.61923,91.87638,170,-12,-22.5,267,-36.4,8.33,13.96,70.8,298,44.24,-41833,20.6,0.555,Very High,Turbofan,High,13.4,25.5,18583,Cruise,2,7,Storm,2.5,20.9,15.1,58,X,AWACS,421,0.838,114,88,Moderate,Yes,Medium,High,Transport Aircraft
448,UAV,33.6,28038.6,7.0066,-49.98064,240,5.1,45.2,239,21.4,9.64,2.84,387.6,290,20.21,-39525,31.7,0.472,Medium,Electric,Low,16.4,26.9,99436,Loiter,1,24,Storm,18.5,20.8,-7,21,L,Ground Radar,41,0.888,551.3,103,Weak,No,Low,Medium,UAV
449,Fighter,591.6,17215.2,-27.38062,-5.68932,231,-10.2,-22.4,69,1.8,-0.22,28.92,290,140,18.36,43225,8.9,0.597,Very High,Jet,High,24.3,27.5,2034,Combat,6,21,Storm,22.9,18.3,2.4,88,L,IRST,155,0.999,314.5,63,Weak,No,Low,High,Fighter
450,Cruise Missile,239.1,10860.8,-32.40321,-113.19836,320,-10.6,31.7,41,40.3,5.86,23.98,318.7,154,11.72,27325,21.4,0.292,Medium,Turbojet,Medium,3,0.4,38551,Terrain Following,3,25,Clear,25.5,15.7,0.6,20,S,AESA,209,0.708,160.5,16,Moderate,No,Low,Medium,Cruise Missile
451,Ballistic Missile,5125.3,6367.7,-44.10108,-167.70021,160,18.1,58.6,165,2.8,14.44,6.32,10.7,39,24.83,20908,11.6,0.884,Low,Rocket,Very High,27,35.8,187815,Ballistic,4,30,Clear,20.5,24.4,-4.5,14,L,AWACS,211,0.543,571.7,4,Weak,No,Medium,Low,Ballistic Missile
452,Cruise Missile,239.3,45430.4,34.5222,146.03279,142,3.6,-53.2,22,-37.7,16.33,14.31,42.4,112,35.33,-26774,14.9,0.845,High,Turbojet,Medium,34.5,35,23713,Terrain Following,3,30,Storm,10,20.1,25.8,17,X,IRST,355,0.672,295.4,50,Moderate,No,Medium,High,Cruise Missile
453,Transport Aircraft,232.1,39670.4,-23.31565,-82.94825,275,19.8,-12.2,180,-2.1,-2.96,24.15,86.4,29,37.33,22625,16,0.951,Very High,Turbofan,High,13.7,40.8,136684,Cruise,4,8,Rain,7.1,14.9,4.9,13,L,AWACS,420,0.937,68.7,109,Moderate,No,Medium,High,Transport Aircraft
454,Helicopter,87.1,32748.3,-49.57121,99.36164,323,2.8,-18.4,54,-36,13.71,15.93,56.1,132,41.63,-35006,25.4,0.502,Very High,Turboshaft,Medium,28.2,2.9,3058,Hover,8,26,Fog,9.8,18.4,36.7,77,C,AWACS,466,0.694,77.6,17,Strong,Yes,High,Medium,Helicopter
455,Helicopter,87.6,1663.6,-28.09216,143.23257,279,-3.3,5.8,322,48.1,16.25,2,113.9,68,9.51,27300,12.7,0.671,High,Turboshaft,Medium,14.1,1.5,52403,Hover,4,3,Storm,19.1,23.4,8.3,57,X,AWACS,247,0.874,286.4,7,Weak,No,Medium,Medium,Helicopter
456,Hypersonic Missile,3027.7,20770.6,-32.06452,-91.74766,182,-5.7,4.1,155,41.8,1.65,19.8,54.1,200,12.62,-28785,6.5,0.469,Medium,Scramjet,Very High,6.2,43.7,47740,Glide,3,18,Clear,7.4,14.5,-15.1,72,C,AWACS,352,0.675,83.8,107,,No,Medium,High,Hypersonic Missile
457,Hypersonic Missile,3170.1,41103.1,-18.35986,-168.77912,33,-17.2,24.3,347,-33.3,-3.54,26.68,339.1,327,3.45,-35867,31.6,0.267,Very High,Scramjet,Very High,2.5,7.8,117657,Glide,3,20,Storm,23,24,17.7,98,C,IRST,114,0.689,488.9,16,Weak,No,Medium,Medium,Hypersonic Missile
458,Helicopter,79.4,17480.1,15.39411,32.84265,126,6.7,12.1,309,5.9,16.77,27.24,101.9,197,43.77,30512,5.6,0.269,Medium,Turboshaft,Medium,48.3,11.6,141772,Hover,10,8,Clear,18.5,24.5,-12.4,70,L,AESA,367,0.842,367.2,150,Moderate,Yes,Low,High,Helicopter
459,Ballistic Missile,4869,10563.3,50.34202,31.31837,151,-17.7,33.1,255,24.6,-4.71,19.85,309.3,152,7.77,-2750,16.6,0.672,Very High,Rocket,Very High,32.6,13.8,3517,Ballistic,6,2,Rain,29.1,16.3,-18,76,L,IRST,392,0.808,501.4,40,Strong,No,High,Low,Ballistic Missile
460,Hypersonic Missile,3273.6,12211.8,-28.77933,110.32282,163,-10.7,-38.9,311,40,14.21,13.07,3.5,74,17,-39380,30.4,0.457,Very High,Scramjet,Very High,34.2,29.4,25990,Glide,5,20,Clear,3.1,15.2,-17.4,41,L,IRST,458,0.903,356.6,118,Strong,No,High,Low,Hypersonic Missile
461,UAV,59.9,48644.4,-11.59411,122.86691,252,17.8,8.7,87,20.1,-1.5,8.26,249.6,183,32.57,25602,35.8,0.516,High,Electric,Low,35.1,23.6,100680,Loiter,3,25,Storm,25.8,10.5,4.6,95,C,AESA,153,0.604,231,19,Moderate,No,Medium,Medium,UAV
462,Transport Aircraft,229.4,29236.3,57.56723,99.93546,318,-6.5,39.7,286,-38.2,7.38,4.25,231.3,309,39.97,16843,29.4,0.198,Medium,Turbofan,High,19.7,33.3,124885,Cruise,4,15,Fog,24.9,10.6,18.3,64,L,AWACS,46,0.644,484.1,83,,No,High,Low,Transport Aircraft
463,Helicopter,41.6,5789.2,-10.47662,111.49561,11,-1.5,23.5,224,21.2,11.26,13.96,390.6,285,29.56,45925,23,0.057,Medium,Turboshaft,Medium,38.1,12.7,43819,Hover,6,2,Fog,26.2,1.7,15.9,28,X,Ground Radar,232,0.624,83.3,135,,No,High,High,Helicopter
464,Fighter,701.1,33205.4,-36.01414,-43.63215,210,-14.9,-2.9,336,25.4,2.24,27.74,157,278,40.51,-19569,38.6,0.355,Low,Jet,High,45.9,14.7,143669,Combat,4,26,Clear,24.2,18.5,2.7,19,L,Ground Radar,216,0.751,359,32,Weak,No,Low,High,Fighter
465,UAV,47,43925.3,-53.27012,126.62824,87,-0.8,-9.2,108,-13.4,0.07,5.13,180.2,32,40.18,48165,31.8,0.555,Low,Electric,Low,11.6,2,96025,Loiter,2,15,Storm,8.8,12.4,31.8,67,S,AWACS,336,0.669,494,120,,Yes,Low,Low,UAV
466,Hypersonic Missile,3208.8,3848.4,1.04887,173.33931,136,-14.8,-0.6,111,11.7,16.9,12.26,158,98,33.88,-9093,30,0.832,Low,Scramjet,Very High,21.5,36.9,56580,Glide,3,23,Storm,22.5,16.7,18,14,C,AESA,146,0.855,509,179,,No,High,Medium,Hypersonic Missile
467,Transport Aircraft,231.1,45592.4,-36.47057,153.48464,104,5.1,52.9,254,36.4,0.7,20.62,352.6,33,0.74,23060,32.1,0.115,Medium,Turbofan,High,42.5,40.7,58028,Cruise,4,12,Rain,6,16.7,-18.7,14,L,AWACS,181,0.99,251.5,3,Moderate,No,Medium,Low,Transport Aircraft
468,Fighter,677,29269.8,-44.33324,-75.59904,218,-0.9,-47.5,232,3,-2.89,7.54,23.1,130,44.25,-22356,25.3,0.616,Low,Jet,High,37.4,39.1,23345,Combat,7,20,Fog,18.5,18.7,-16.4,58,L,AESA,136,0.764,26.5,128,,Yes,Low,Medium,Fighter
469,Cruise Missile,279.6,265,42.96151,161.26074,208,18.1,-9.2,293,37.3,16.31,2.99,228.4,332,25.7,706,35.9,0.846,Medium,Turbojet,Medium,38.7,8.1,199374,Terrain Following,8,4,Storm,2.5,13.5,-4.4,35,L,AESA,458,0.905,541,91,Weak,Yes,High,Medium,Cruise Missile
470,Ballistic Missile,4622,40601.7,29.18697,-139.4247,232,-15.7,-4.4,337,15.7,9.77,18.41,176.4,86,20.8,38998,13.3,0.013,Low,Rocket,Very High,30.2,17.9,125410,Ballistic,10,16,Storm,5.4,13.2,-4.8,53,S,AWACS,17,0.87,98.3,72,,Yes,Low,Medium,Ballistic Missile
471,UAV,37.5,34705,9.06628,7.78883,292,-16.8,14,289,33.9,14.86,15.13,230.7,304,21.46,5104,14.4,0.547,Very High,Electric,Low,22.2,34.2,8968,Loiter,1,11,Rain,16.6,0.6,6.2,40,X,Ground Radar,72,0.745,485.3,29,,No,High,High,UAV
472,Helicopter,69,36010.5,-42.45708,-140.93605,116,9.9,-15.7,12,-29.1,7.41,13.42,315.7,327,25.8,42364,27.5,0.708,Very High,Turboshaft,Medium,34.2,53.1,85041,Hover,5,7,Clear,26.7,5.1,26.9,78,C,Ground Radar,28,0.891,515.3,181,Strong,Yes,Medium,Medium,Helicopter
473,Transport Aircraft,194.1,39291.2,-53.9624,-144.57894,225,-19.5,-32.3,65,35.5,6.34,28.16,346.5,243,49.83,15709,7.3,0.269,High,Turbofan,High,37.1,33.1,103951,Cruise,6,6,Fog,25.8,16.2,11.2,59,L,Ground Radar,41,0.712,275.2,74,Weak,No,Low,Medium,Transport Aircraft
474,Hypersonic Missile,3169.5,5507.6,-59.55272,113.65208,255,-8.6,-23.9,145,-13.3,-4.64,11,185.3,181,29.65,15273,29.6,0.928,Low,Scramjet,Very High,16,28.1,69265,Glide,7,6,Clear,17,7.6,33.3,56,X,AWACS,249,0.702,532.3,29,Moderate,No,Low,Low,Hypersonic Missile
475,UAV,71.6,15658.8,-19.48585,-32.18472,330,-5.8,14.7,52,41.7,1.01,1.2,162,298,19.54,48499,33.6,0.165,High,Electric,Low,30.2,11,105309,Loiter,6,21,Storm,26.2,10.8,37.2,71,C,AWACS,332,0.604,300.7,100,Strong,Yes,Medium,Low,UAV
476,Cruise Missile,228.2,11689.2,14.70422,69.77323,164,5.2,-44,219,46.5,6.83,14.75,154,154,10.5,11123,35,0.32,Low,Turbojet,Medium,17.1,22.3,144116,Terrain Following,7,28,Rain,12.1,11.3,-19.3,92,X,IRST,469,0.533,397.9,42,Moderate,Yes,High,Low,Cruise Missile
477,Helicopter,48.7,43688.3,-33.04767,90.77082,185,19.5,23.2,199,-47.1,1.53,4.24,143,201,28,-8401,10.7,0.843,Medium,Turboshaft,Medium,31.3,46.5,187040,Hover,6,20,Storm,1.2,17.7,16.3,95,S,AWACS,388,0.795,513.9,133,,No,High,High,Helicopter
478,Cruise Missile,210.9,43151.1,8.23476,-159.61971,119,11.5,11.2,344,48.6,4.09,26.73,377.7,167,48.11,-23211,10.6,0.182,Very High,Turbojet,Medium,2.4,55,142047,Terrain Following,9,6,Rain,16.4,19.4,44.4,51,X,Ground Radar,281,0.783,81.6,59,Strong,Yes,High,Medium,Cruise Missile
479,Helicopter,66.9,42018.8,-6.43455,13.98435,257,-6.4,-6.9,189,32.4,8.43,13.04,313.4,62,36.49,27924,9.4,0.619,Low,Turboshaft,Medium,29.1,53.6,92784,Hover,6,12,Rain,4.5,1.4,2.1,52,X,IRST,156,0.895,9.6,147,Weak,Yes,Medium,Medium,Helicopter
480,Transport Aircraft,233.8,32000,-39.11247,149.89196,31,16.7,13.4,35,1.2,-2.4,8.21,122.6,285,46.36,36145,23,0.538,High,Turbofan,High,12.4,28.1,54578,Cruise,9,24,Fog,3.5,5.2,23.3,87,X,AESA,176,0.672,178.6,140,Moderate,No,Low,Medium,Transport Aircraft
481,Ballistic Missile,2027.2,9622.8,45.30707,-120.09725,329,-10.5,30.1,214,-7.3,14.4,7.57,132.5,215,23.08,-13968,17.2,0.967,Very High,Rocket,Very High,26.4,2.5,96255,Ballistic,8,11,Clear,22.9,22.4,-0.2,20,S,AWACS,100,0.938,400.8,153,Weak,No,Medium,Low,Ballistic Missile
482,Fighter,620.4,10907.5,34.15213,-165.97835,42,9.5,-41.2,158,42.8,19.7,27.73,202.5,116,13.72,48800,10.7,0.059,High,Jet,High,18.2,32,82182,Combat,1,27,Rain,16.1,23.1,14.2,57,C,IRST,446,0.615,43.6,42,Strong,No,High,Medium,Fighter
483,UAV,69.1,34903.4,13.47065,-150.18123,18,-2.6,-14,325,-48.2,7.14,16.21,49.1,267,46.51,-14529,38.3,0.498,Medium,Electric,Low,37.8,54.6,184203,Loiter,2,19,Rain,24.6,24.3,-18.1,27,L,AWACS,383,0.768,574.4,31,,No,Low,High,UAV
484,Helicopter,85.3,19467.9,-12.25641,116.36872,287,0.9,33.3,337,-13.7,-1.91,19.53,77.3,346,14,-47255,16.1,0.761,Low,Turboshaft,Medium,12.2,17,177548,Hover,10,26,Clear,27.5,15.4,-18.9,57,X,AWACS,205,0.827,490.7,104,,Yes,Low,High,Helicopter
485,Fighter,264.3,13584.6,44.27073,-118.30479,10,19.9,18.8,44,30.6,0.35,13.57,336.5,219,28.42,-14975,19.8,0.583,Very High,Jet,High,14.5,54.2,33255,Combat,10,11,Rain,10.8,18.6,-19.2,100,X,IRST,498,0.634,592.1,171,Moderate,No,Low,High,Fighter
486,Ballistic Missile,2379.5,49791.1,-56.15568,-70.29491,76,12.5,-28.9,217,35.9,14.35,23.03,37.7,307,31.02,39374,39.7,0.815,High,Rocket,Very High,15.8,28.5,127416,Ballistic,7,11,Clear,8.3,7.5,-0.2,19,C,IRST,408,0.681,424.5,70,Strong,No,High,Medium,Ballistic Missile
487,Fighter,482.8,46188,30.21643,54.31808,35,-9.5,-50.1,28,-32.5,3.68,23.09,324.8,58,38.29,2705,26.5,0.385,High,Jet,High,7,57.9,183780,Combat,4,7,Clear,9.3,21.9,-5.5,33,S,AESA,101,0.575,313.8,164,Strong,No,High,Medium,Fighter
488,UAV,34.3,3355.3,-40.18821,-124.0874,218,-7.1,-23.6,263,-46.4,7.99,19.33,37.5,149,38.24,31227,29.3,0.154,Low,Electric,Low,44.7,42.5,144921,Loiter,3,9,Storm,14.5,7.4,41.8,57,S,IRST,224,0.956,178.9,140,Weak,Yes,Medium,High,UAV
489,Ballistic Missile,5643.9,37033.6,-45.7722,-51.41064,61,-3.8,-31.7,92,24.9,14.91,25.44,179.8,118,4.82,2358,8.1,0.702,Medium,Rocket,Very High,3.9,12.3,66934,Ballistic,9,8,Rain,17.3,15.8,25.8,77,X,AESA,335,0.573,267.5,94,Strong,Yes,Low,Low,Ballistic Missile
490,Transport Aircraft,208.6,24807.3,-29.58264,152.6452,75,0,-37.7,0,14.4,13.56,22.21,31.6,116,12.27,17797,13.8,0.426,High,Turbofan,High,9.8,40.7,75183,Cruise,10,18,Clear,3.7,9.8,0,23,S,AWACS,472,0.818,438.4,28,Moderate,No,High,Medium,Transport Aircraft
491,Helicopter,74.5,34110.3,-59.58701,-3.88454,231,2.2,-41.4,342,37.2,16.24,0.83,280.1,332,17.18,34394,36.8,0.657,High,Turboshaft,Medium,5.5,10.2,42350,Hover,1,22,Fog,14.8,16.2,-5.1,72,X,AESA,298,0.965,55.8,56,Weak,No,Low,High,Helicopter
492,Hypersonic Missile,2910.2,12643.8,13.2936,171.49627,278,7.1,-7.7,326,3.5,-2.93,0.54,398.4,145,41.14,-22701,31.8,0.963,Very High,Scramjet,Very High,31.2,53.5,71947,Glide,10,7,Rain,25.4,14.6,13.8,81,X,Ground Radar,418,0.507,574.6,189,Moderate,No,Low,Low,Hypersonic Missile
493,Ballistic Missile,3670.5,35471,-48.3944,176.63965,305,13.6,-2.7,128,45.2,0.09,22.47,241.3,305,34.92,-12178,25.1,0.806,High,Rocket,Very High,24.3,10.5,141874,Ballistic,8,23,Rain,11.4,14.8,24.6,86,X,Ground Radar,421,0.71,107.7,92,Moderate,No,Low,High,Ballistic Missile
494,Fighter,736.2,44340,22.10149,-7.94281,296,12.3,-50,244,17.7,4.58,15.71,386.7,342,37.98,41098,19.2,0.727,Medium,Jet,High,24.4,54.9,65370,Combat,10,12,Clear,22.2,20.8,14.9,45,S,AESA,300,0.572,366,5,Strong,No,High,High,Fighter
495,Ballistic Missile,3729.6,5087.1,-13.02664,-69.14108,139,5.6,-20,24,-7.9,19.56,18.65,332.4,65,17.66,-11281,5.9,0.755,Medium,Rocket,Very High,17.1,56.3,198553,Ballistic,6,10,Storm,26.3,16.9,16.7,51,L,IRST,277,0.944,477.1,143,Strong,No,Low,Medium,Ballistic Missile
496,Transport Aircraft,202,38875.6,29.9069,-158.82356,26,11.2,22.4,255,-13.9,4.88,3.24,352.4,214,25.85,5832,30.2,0.903,High,Turbofan,High,15,53.7,143427,Cruise,9,25,Storm,4.8,18.6,-8.6,80,X,IRST,177,0.912,72.6,53,,No,Medium,High,Transport Aircraft
497,Fighter,283.5,13262.2,-16.78501,66.8199,216,-6.7,-25.3,32,-40.1,1.33,16.19,134.5,190,6.43,26315,5.3,0.876,Low,Jet,High,3.5,11.1,130548,Combat,5,6,Rain,10,9.9,-16.9,46,X,Ground Radar,50,0.549,219.2,49,,Yes,Low,Medium,Fighter
498,Ballistic Missile,3777.8,39477.6,-19.31926,124.88189,35,11.7,-0.4,335,-5,-1.61,17.24,43.3,216,3.87,2509,34.1,0.43,Low,Rocket,Very High,27.1,0.4,20350,Ballistic,6,23,Storm,5.5,1.7,4.3,56,L,AWACS,140,0.521,13.7,113,,No,High,High,Ballistic Missile
499,UAV,51.6,7001.2,-5.03554,98.83327,141,-18.9,-54.3,250,49.4,12.75,1.61,129.5,48,25.7,5817,17.2,0.31,Very High,Electric,Low,23.4,19.2,105787,Loiter,9,6,Fog,4.3,4.4,24.5,37,S,IRST,268,0.56,358.3,183,,Yes,High,High,UAV
500,Fighter,667.2,17976.7,39.45078,-117.11395,86,-10.4,-37.4,72,11.5,-1.03,10.05,168.2,58,21.81,2472,5.9,0.563,Low,Jet,High,10,10.3,78202,Combat,10,3,Rain,27.3,11.9,28.6,61,C,IRST,300,0.794,218.7,97,Moderate,Yes,Medium,Medium,Fighter
501,Helicopter,67.8,20584.9,17.98419,127.12954,244,11.7,10.1,351,-12.8,10.82,21.48,376,45,3.89,15526,19.2,0.402,Low,Turboshaft,Medium,6.7,40.3,196348,Hover,2,17,Fog,10,13.2,27.4,75,X,IRST,374,0.792,67.9,170,Strong,Yes,Low,High,Helicopter
502,Cruise Missile,261.1,8594.8,-22.31732,62.66034,158,-16.7,58.4,296,8.8,18.35,29.08,340.9,70,12.89,-23941,30.6,0.306,Medium,Turbojet,Medium,30.4,42.9,167078,Terrain Following,1,12,Clear,2.4,9.5,18.6,51,C,AWACS,273,0.883,474.5,12,Strong,No,Medium,High,Cruise Missile
503,Cruise Missile,274.5,10377.4,-18.71216,-104.23169,10,-10.2,-50.6,266,2,13.47,4.17,81.3,300,43.04,-30618,8,0.102,High,Turbojet,Medium,2.9,7.1,194265,Terrain Following,9,29,Rain,1.8,19.5,17.4,23,X,Ground Radar,71,0.679,202.7,28,Moderate,Yes,High,Medium,Cruise Missile
504,Transport Aircraft,218.3,7854,-40.67807,59.85543,171,13.4,6.9,73,-25.9,5.33,4.6,358.8,20,4.97,48098,27.9,0.674,Very High,Turbofan,High,33.5,6.2,89133,Cruise,2,9,Storm,10.1,1,25.6,91,X,IRST,357,0.82,271,31,Moderate,No,High,Low,Transport Aircraft
505,Cruise Missile,188.9,6839.1,4.19572,-9.69623,14,4.3,-20.5,247,34.9,1.31,26.62,64,178,8.22,48634,14.4,0.829,Medium,Turbojet,Medium,32.7,40.5,10489,Terrain Following,1,6,Fog,1.1,5.9,-19.1,52,L,AESA,499,0.77,85.8,24,Moderate,No,High,Low,Cruise Missile
506,Cruise Missile,203.4,8289.5,50.11137,-65.08911,102,2.1,-51,226,28.7,3.72,4.12,220.5,274,5.53,-8222,38.7,0.798,Low,Turbojet,Medium,2.6,41.8,2829,Terrain Following,8,30,Clear,21.7,2.9,-6.7,72,S,AWACS,207,0.977,211.4,35,Moderate,No,Low,High,Cruise Missile
507,Fighter,243.4,31196.7,-25.32153,35.96042,276,-12.3,-46.7,215,0.8,4.75,27.39,234.1,150,44.2,12949,16.5,0.831,Low,Jet,High,45.3,29.5,40819,Combat,9,12,Storm,5,18.7,4.4,35,L,AESA,236,0.985,32.7,81,Weak,Yes,High,Medium,Fighter
508,Ballistic Missile,6117.2,30020.4,53.77628,8.93937,232,15,10,1,19.8,4.78,28.33,235,164,4,-25948,28.6,0.382,High,Rocket,Very High,7.7,38.9,170422,Ballistic,10,18,Storm,4.2,19.8,10.8,86,C,AESA,387,0.935,338.4,15,Weak,No,Medium,Low,Ballistic Missile
509,Helicopter,44.9,43728.9,-57.19711,-111.13938,240,10.9,36.4,267,-16.4,6.68,17.03,121.2,173,21.33,14551,31.7,0.638,Very High,Turboshaft,Medium,28.6,25.5,138171,Hover,4,24,Fog,29.7,6.9,18,21,L,Ground Radar,416,0.735,315.7,121,Strong,No,Low,Low,Helicopter
510,Hypersonic Missile,3110,45974,17.87736,-104.06422,174,13.8,-52.6,150,-27.2,2.79,7.41,242.8,324,31.99,45190,31.5,0.846,Medium,Scramjet,Very High,18.4,40.9,141431,Glide,7,13,Rain,11.4,3.2,35,53,X,AWACS,166,0.773,3.2,76,,No,Low,Low,Hypersonic Missile
511,Cruise Missile,258.8,43980.9,-39.38385,-16.72062,80,9.3,53.7,216,-16.4,10.12,19.85,74.4,16,13.98,25586,30.3,0.739,Very High,Turbojet,Medium,7.4,18.5,117336,Terrain Following,4,19,Clear,8.7,15.4,-6.6,52,L,Ground Radar,14,0.609,203.4,76,Strong,No,Medium,High,Cruise Missile
512,Hypersonic Missile,3147.4,40128.7,-7.62816,-105.92638,308,17.5,2.3,162,49.7,-1.62,6.18,29.3,214,9.04,17383,33.4,0.889,Low,Scramjet,Very High,13.7,5.9,148572,Glide,8,15,Clear,23.5,7.7,-7,50,C,AESA,260,0.977,66.2,71,,No,Low,High,Hypersonic Missile
513,Hypersonic Missile,3156.7,48061.7,46.78753,-165.91471,195,12.7,-24.2,159,5.1,-1.56,11.56,47.4,93,49.44,-646,5.9,0.513,Medium,Scramjet,Very High,20.4,5.4,138395,Glide,4,23,Storm,8.9,2.5,37.3,12,S,AWACS,47,0.867,233.8,59,Moderate,No,Low,High,Hypersonic Missile
514,Helicopter,52.8,26013.9,36.72134,-134.39587,213,-9.4,-25,45,25,8.34,2.41,347.2,352,29.23,-17576,20.9,0.611,Very High,Turboshaft,Medium,2.1,4.1,27742,Hover,8,17,Fog,23.1,6.5,15.4,44,C,AWACS,236,0.548,165.2,12,Strong,Yes,Low,Low,Helicopter
515,Helicopter,50.9,23033.9,30.34006,16.15788,195,-16.8,21.7,0,19.7,9.72,20.5,122.9,5,35.22,-18762,27.8,0.665,High,Turboshaft,Medium,46,58.5,166605,Hover,7,28,Rain,27.7,3.9,28.2,29,C,Ground Radar,176,0.76,587.9,89,Strong,Yes,High,Low,Helicopter
516,UAV,48.5,21704.5,-31.45182,-4.29973,357,16.9,9.9,295,-36.7,-4.11,23.75,8.5,344,46.36,13867,15.2,0.85,Low,Electric,Low,18,38.6,66022,Loiter,10,11,Storm,3.8,17.3,38.9,84,C,AWACS,398,0.982,224.3,136,Strong,Yes,Low,Low,UAV
517,UAV,71.4,47823,53.19436,136.11731,305,-3.1,-0.1,340,-5.4,-3.07,25.92,133.5,15,28.53,25908,36,0.16,Low,Electric,Low,41.4,32,163489,Loiter,4,18,Rain,7.6,21.6,-10.7,61,C,AESA,311,0.585,219.8,139,Moderate,No,Medium,Medium,UAV
518,UAV,57.4,20911.4,-58.83932,-93.54413,241,-5.8,-18.3,131,-12.2,3.46,12.79,101.6,327,48.72,-32000,23.3,0.46,Low,Electric,Low,5.5,25.5,76835,Loiter,5,25,Clear,22.6,12,12.7,39,C,Ground Radar,498,0.533,329.7,125,Weak,No,High,High,UAV
519,Hypersonic Missile,3035.7,37073.1,-44.13885,7.86976,186,10.1,19.6,296,5.9,13.65,7.57,318.8,134,14.8,-48757,5.6,0.322,Very High,Scramjet,Very High,2.9,2.9,144511,Glide,2,12,Clear,22.3,3.4,-18.2,94,S,IRST,309,0.94,280,108,Weak,Yes,Medium,High,Hypersonic Missile
520,Transport Aircraft,194.6,14969.8,-17.51801,-142.52332,10,-15,-2.5,56,33.5,11.72,27.76,171.8,246,4.84,-32518,23.3,0.099,Medium,Turbofan,High,17.7,42.6,24406,Cruise,5,12,Fog,11.7,12.9,-4.3,43,X,IRST,363,0.82,259,91,Strong,Yes,High,Medium,Transport Aircraft
521,Transport Aircraft,211.9,43186.6,38.87081,170.03438,166,3.6,14.1,359,28.6,6.69,19.04,149,120,17.02,-24821,13.8,0.45,Low,Turbofan,High,34.2,45.6,167653,Cruise,1,5,Clear,5.8,0.6,-8.8,37,C,IRST,132,0.617,309.9,131,Weak,No,Medium,High,Transport Aircraft
522,UAV,60.4,16743.7,-13.81027,104.88797,209,-11.5,-55.9,226,47.1,-4.93,2.34,276.2,296,37.77,34231,28,0.308,High,Electric,Low,19.7,51.4,137875,Loiter,4,14,Fog,17.7,23,28.9,77,C,AESA,389,0.563,494.6,49,Moderate,No,High,Low,UAV
523,Fighter,698,27053.2,-30.12086,-128.70112,188,7.2,-57.9,81,10.8,15.61,22.77,300.1,30,11.15,14303,5.8,0.789,High,Jet,High,18.7,19.3,121392,Combat,2,4,Storm,19.6,2.2,0.5,96,C,IRST,408,0.523,479.3,175,Weak,Yes,Medium,Low,Fighter
524,Fighter,669.5,27325.4,55.09501,88.16391,1,4.6,-47.1,306,-37.6,-3.12,22.21,2.8,179,30.21,-29641,11.7,0.282,High,Jet,High,25.8,19.2,101978,Combat,8,25,Clear,7.9,16.4,1.5,49,X,AESA,338,0.964,387.7,30,Strong,No,Low,Low,Fighter
525,UAV,56.5,39054.6,53.41572,83.67529,308,4.6,25.3,340,-25.5,15.79,8.62,178.5,82,16.33,13074,30.3,0.339,Medium,Electric,Low,45.2,38.2,180762,Loiter,6,15,Fog,19,21.2,0.5,26,X,AESA,263,0.728,260.4,71,Strong,No,High,Low,UAV
526,Transport Aircraft,188.5,25037.7,-11.85449,-41.41128,323,16.9,54,10,-11.2,8.18,27.35,370.5,140,14.28,37239,8.8,0.03,High,Turbofan,High,23.3,15,183378,Cruise,1,28,Clear,6.7,12.9,29.9,96,S,AWACS,204,0.847,452.3,30,,No,High,Low,Transport Aircraft
527,Ballistic Missile,5880.4,24724.7,-6.69739,66.11951,336,11.1,14.9,327,34.2,16.45,3.93,1.4,157,40.15,20785,30.6,0.649,Low,Rocket,Very High,38.3,25,8825,Ballistic,6,29,Clear,16.9,8.8,30,65,X,Ground Radar,412,0.931,182.7,165,Strong,Yes,High,High,Ballistic Missile
528,Helicopter,57.6,8182.7,-39.93552,118.514,142,-8.7,-43.1,321,33,-0.12,8.86,14,322,38.96,18907,16.7,0.467,High,Turboshaft,Medium,40.7,20.7,124902,Hover,6,27,Storm,9,25,40.9,40,X,IRST,436,0.816,353.5,178,Moderate,Yes,High,High,Helicopter
529,Transport Aircraft,216,40440.7,3.96209,-79.94165,180,14.4,-28.6,99,38.7,12.93,29.95,111.9,206,1.86,25314,18.8,0.022,High,Turbofan,High,2.7,24.2,75061,Cruise,5,18,Storm,27.7,7.4,43.4,13,X,AWACS,218,0.667,127.4,67,Weak,No,Medium,Low,Transport Aircraft
530,Hypersonic Missile,3470.3,8745.8,-33.27727,-8.27033,356,11.3,7.2,160,-29.2,18.09,25.97,363.9,281,34.58,48283,19.9,0.025,Medium,Scramjet,Very High,25.1,8.8,168583,Glide,2,11,Clear,10.3,3.7,22.3,74,L,AWACS,237,0.637,524,46,Moderate,Yes,Medium,Medium,Hypersonic Missile
531,Ballistic Missile,2511.7,5904.8,19.06872,-17.05731,318,-4.9,1,295,43.4,11.63,25.25,286.8,34,0.86,48433,14.2,0.6,Very High,Rocket,Very High,3,32.8,32750,Ballistic,1,28,Fog,4.4,14.5,22.2,92,X,AESA,332,0.913,359.2,64,Moderate,Yes,Medium,High,Ballistic Missile
532,Ballistic Missile,4030.2,15654.5,-56.23471,-165.5957,19,17.1,-22.3,157,5,5.84,7.25,34.9,148,24.66,42231,33.6,0.647,High,Rocket,Very High,38.4,47.1,154402,Ballistic,2,22,Fog,10.4,2,25.4,55,L,Ground Radar,326,0.62,125.9,117,Weak,Yes,Medium,High,Ballistic Missile
533,Transport Aircraft,207.5,35842.2,12.86089,4.07598,242,19.4,40.1,162,-15.9,0.15,18.72,381,122,6.42,-29783,35.9,0.766,Low,Turbofan,High,47.1,5.4,189747,Cruise,4,18,Fog,13,19.7,-6.4,89,S,AWACS,80,1,160.8,127,Strong,No,High,Low,Transport Aircraft
534,Cruise Missile,204,10521,26.16777,139.78974,130,-5.9,-17.7,261,49.9,-1.2,0.79,38.5,19,34.4,-10239,16.4,0.899,High,Turbojet,Medium,19.6,25.2,199788,Terrain Following,2,2,Storm,3.3,13.3,32.9,66,L,AWACS,191,0.691,473.5,100,Strong,Yes,High,Medium,Cruise Missile
535,Hypersonic Missile,2134.4,43894.4,-4.25757,-122.31119,249,-17.8,-5.1,316,47.8,11.34,6.75,290.2,5,7.49,8410,10.2,0.737,High,Scramjet,Very High,41.5,24.7,166327,Glide,1,17,Clear,12.8,8.6,-8.3,23,X,AESA,476,0.667,345.3,180,Strong,No,Medium,Low,Hypersonic Missile
536,Hypersonic Missile,1906.1,34341,39.97133,64.19779,322,-1.2,59.8,315,28.3,-2.83,7.16,349.2,199,42.52,41439,39.3,0.433,High,Scramjet,Very High,43,2.1,136139,Glide,5,19,Clear,14.2,2.8,-3.7,99,L,Ground Radar,493,0.767,577.8,94,Strong,Yes,High,High,Hypersonic Missile
537,Hypersonic Missile,3259,10803.5,5.37003,60.96099,1,1.5,-52.2,88,-32.9,1.69,15.31,345.1,78,37.64,-37764,34.1,0.545,High,Scramjet,Very High,18.3,40.6,61436,Glide,7,29,Rain,9.6,0.2,1.9,31,C,IRST,155,0.627,522.8,71,,No,Medium,High,Hypersonic Missile
538,Cruise Missile,272.7,25308.8,42.90582,-18.98218,343,-15.6,-52.9,355,4.6,0.3,20.85,5.5,207,9.43,-34960,14.7,0.334,Medium,Turbojet,Medium,26.6,44,148071,Terrain Following,6,28,Clear,22.6,10.1,1.9,87,X,AWACS,186,0.681,52.4,65,,Yes,High,Low,Cruise Missile
539,Ballistic Missile,6697.5,11486.4,-22.67963,-144.86883,116,-16.2,-13,132,10.1,19.14,4.12,320,241,15.79,-45627,11.1,0.536,Very High,Rocket,Very High,24.7,37,82546,Ballistic,6,4,Clear,4.5,15.3,18.9,23,L,IRST,58,0.68,36.7,102,,Yes,High,High,Ballistic Missile
540,UAV,59.3,24751.8,6.80985,158.68305,294,19.6,30.9,332,7.7,1.93,29.64,382.8,98,32.47,19433,23.3,0.008,Very High,Electric,Low,23.7,22.5,135376,Loiter,4,23,Clear,18.2,3.7,-0.4,85,L,Ground Radar,188,0.672,496.7,102,,No,High,Medium,UAV
541,Hypersonic Missile,2207.2,34913.1,-40.83295,-120.68155,161,-14.1,27.8,275,-8,-1.79,0.12,351.6,286,3.96,15776,8.3,0.128,Low,Scramjet,Very High,11,36.5,25465,Glide,3,28,Fog,26.2,20.5,6.2,52,X,AWACS,234,0.51,424,176,,No,Low,Low,Hypersonic Missile
542,Ballistic Missile,2607.9,4976,56.913,-170.2293,158,14.5,15.6,18,13.6,3.48,24.61,344,58,44.04,-10482,22.6,0.065,Low,Rocket,Very High,47.7,55.8,29888,Ballistic,7,12,Fog,14.4,16.5,4.6,80,X,IRST,33,0.977,336,91,Moderate,No,Medium,High,Ballistic Missile
543,UAV,54.4,18389.9,21.23071,-165.43723,130,-12.1,-41.7,206,29.4,-0.03,6.98,333.6,23,29.55,4184,38,0.445,Medium,Electric,Low,48.3,34.9,14068,Loiter,4,19,Clear,4,7.1,14.7,35,X,IRST,420,0.941,465.7,169,Moderate,No,Low,Medium,UAV
544,Hypersonic Missile,2082.4,850,-10.26709,-166.14574,254,16,-0.4,328,25.4,-0.2,2.11,182.5,135,29.62,-10254,15,0.542,Medium,Scramjet,Very High,16.7,31.6,97006,Glide,10,21,Rain,27.5,8,-13.2,75,C,AWACS,207,0.514,11.4,171,Strong,No,Low,Medium,Hypersonic Missile
545,UAV,74.5,21675.7,1.4938,-169.3303,9,10.7,-3,348,-7.1,-3.87,26,356,216,14.95,-11734,15.7,0.801,Low,Electric,Low,17.1,39.6,30632,Loiter,4,19,Rain,22.7,3.1,6.2,60,L,Ground Radar,11,0.806,342.9,152,,No,High,High,UAV
546,UAV,64.3,49410.1,-32.9727,-117.77379,304,-15.9,43.9,248,-42.8,5.77,27.48,35.6,109,5.32,-12433,34.1,0.368,High,Electric,Low,9.6,11.5,190671,Loiter,3,10,Clear,28.6,6.4,44.7,92,L,AESA,305,0.877,88,74,Moderate,Yes,Low,Medium,UAV
547,Cruise Missile,209.7,25976,29.00614,-156.84882,324,9.7,-49.9,35,-11.9,1.44,13.83,143.5,359,28.85,32857,39.7,0.48,Medium,Turbojet,Medium,34,27.8,171967,Terrain Following,4,20,Clear,5.2,11.4,-9.4,43,S,Ground Radar,207,0.819,256.5,135,,No,Low,Low,Cruise Missile
548,Ballistic Missile,2603.6,36792.7,-15.71247,73.04606,332,-11.8,29.1,224,-26.1,8.97,26.78,193.9,21,38.69,-37168,27.3,0.418,Very High,Rocket,Very High,28.9,51.2,185715,Ballistic,5,7,Fog,2.4,11.8,24,74,S,Ground Radar,312,0.77,431.2,170,Weak,Yes,Low,Low,Ballistic Missile
549,Transport Aircraft,199.7,17672,48.88716,97.89178,34,12.5,50.7,319,-43.1,9.83,19.05,96,331,41.39,7073,22.3,0.463,Very High,Turbofan,High,48.6,3.9,65940,Cruise,3,8,Storm,6.2,16,3.3,74,X,AWACS,426,0.79,192.1,164,Weak,No,Low,High,Transport Aircraft
550,Transport Aircraft,257.2,4628.9,-22.52779,-0.39165,241,3.2,11.7,132,-30.2,-3.86,1.57,359.2,48,39.54,307,30.2,0.435,Low,Turbofan,High,38.8,11.5,137532,Cruise,3,17,Storm,9.1,0.5,42,17,S,AESA,137,0.806,77.2,152,Moderate,No,Medium,High,Transport Aircraft
551,Ballistic Missile,4383.3,4765.3,14.76532,140.92318,110,13.8,55.5,235,24.1,10.7,8.75,272.3,342,35.53,-35663,25.1,0.985,High,Rocket,Very High,22.8,55.4,163948,Ballistic,10,24,Clear,5.3,8.8,25.8,38,C,AESA,357,0.694,521.8,93,Strong,No,Medium,High,Ballistic Missile
552,Cruise Missile,272.5,4760.7,-7.7146,-78.93551,247,10.1,9.9,94,-46.5,8.63,9.3,376.5,216,2.32,32697,32.4,0.978,High,Turbojet,Medium,49.6,55.4,162846,Terrain Following,5,13,Storm,10.9,17.3,44.5,55,C,Ground Radar,318,0.814,383.1,68,Weak,No,Medium,High,Cruise Missile
553,Fighter,266.7,41991.4,-24.86036,-70.81353,119,11.8,-35.3,23,-45.1,15.08,0.15,5.5,205,15.06,8321,20.7,0.113,Very High,Jet,High,13.6,20.8,53841,Combat,2,25,Rain,3.7,0.5,26.5,51,S,Ground Radar,425,0.596,24.9,15,Strong,Yes,High,Low,Fighter
554,Ballistic Missile,3628.4,48229.4,40.27056,-141.79069,181,14.9,27.7,88,27.4,-4.37,29.96,253.3,301,5.66,-37233,9.7,0.469,Medium,Rocket,Very High,31.8,3.2,186161,Ballistic,7,2,Clear,19,9.5,27.7,94,C,AESA,263,0.662,44.8,149,,Yes,Low,Low,Ballistic Missile
555,UAV,43.7,13346.9,-9.10684,174.71769,10,12.7,-20.4,327,29.9,1.42,26.65,300.5,113,28.25,19703,16.4,0.186,Very High,Electric,Low,24.1,2.9,90495,Loiter,3,12,Rain,23.5,7.4,22.4,66,C,IRST,327,0.607,502.5,39,Moderate,Yes,Low,High,UAV
556,Cruise Missile,215.4,20949.3,19.33411,-128.55265,168,4,29.8,187,6.4,5.28,10.98,84.6,105,3.13,-3890,22.2,0.246,Medium,Turbojet,Medium,35.7,1.6,151654,Terrain Following,9,7,Rain,11.7,13.2,39.1,95,X,AWACS,271,0.633,320.3,58,Moderate,Yes,Medium,High,Cruise Missile
557,Fighter,539.8,32968.1,-20.12657,-14.09913,320,-15.8,13.9,332,29.7,-0.69,15.97,218.9,1,10.17,427,17.5,0.964,Low,Jet,High,25.3,41.4,161854,Combat,5,29,Storm,13.1,7.8,-0.1,21,X,IRST,252,0.678,150.5,78,Strong,Yes,Low,Medium,Fighter
558,UAV,54.4,17525.9,31.63808,-31.52093,51,-15.7,-48.7,111,-31.2,18.12,27,101.5,0,23.13,-17518,28,0.26,Low,Electric,Low,20.8,48.2,11199,Loiter,7,10,Clear,27.3,12.3,-16.2,41,S,IRST,402,0.739,532.6,152,,Yes,Medium,Low,UAV
559,UAV,59.7,27799.9,-42.21913,-82.67704,335,-18,-39.3,106,41.6,-4.67,26.98,206.7,40,37.2,-24104,7.5,0.878,Low,Electric,Low,2.5,27.1,15682,Loiter,4,28,Rain,19.8,16.6,-17,40,X,Ground Radar,8,0.631,124.7,21,Moderate,Yes,Low,Low,UAV
560,Hypersonic Missile,3280.4,26649.3,56.81859,168.18271,30,-6,17.7,232,-33.6,-2.92,7.91,274.6,181,23.06,-4693,36.8,0.085,Low,Scramjet,Very High,46.7,13.2,25858,Glide,3,30,Rain,3.6,14,-10.5,79,X,AESA,166,0.951,218.4,79,Moderate,Yes,High,Medium,Hypersonic Missile
561,Helicopter,54.3,46626.3,31.46968,84.35598,275,-19,-15.6,323,-46.1,6.45,17.68,270,139,39.42,28741,25,0.253,Low,Turboshaft,Medium,36.2,45.8,180622,Hover,5,28,Storm,14.3,11,-19,17,X,AWACS,243,0.839,62.7,133,Weak,Yes,High,High,Helicopter
562,Fighter,406.9,41708.7,-41.68376,-137.55212,26,10.5,-25,295,-14.5,0.54,7.3,259.3,54,45.87,-42110,37.4,0.896,Very High,Jet,High,20.5,40.2,9265,Combat,2,28,Clear,12.9,3.2,20.2,82,X,AESA,114,0.666,233.5,104,Strong,Yes,Medium,Medium,Fighter
563,Fighter,686.8,10344.7,34.59942,19.90685,50,-18,-15.3,325,25.6,18.24,26.28,354.7,270,45.84,5697,21,0.767,Low,Jet,High,47.4,58.8,19521,Combat,2,2,Rain,3.9,18.3,-3.7,19,C,AESA,244,0.604,592,113,Moderate,Yes,High,High,Fighter
564,Helicopter,69,16535.4,-11.73838,31.66342,48,8.6,-10.4,92,-8.5,15.29,25.13,40.5,359,41.51,28977,19.6,0.388,Medium,Turboshaft,Medium,44.9,8.3,102,Hover,9,29,Rain,24.2,4.4,9.4,56,S,IRST,66,0.711,31,51,Weak,No,Medium,Low,Helicopter
565,Ballistic Missile,6434.4,27648.6,17.92686,23.32358,10,-9.1,-58.4,259,-19.8,15.24,10.69,372.7,127,2.32,-12289,22,0.02,Very High,Rocket,Very High,8.1,10.2,3892,Ballistic,7,22,Fog,22.3,11.9,-11.4,85,S,IRST,36,0.768,454.7,25,Moderate,No,Medium,High,Ballistic Missile
566,UAV,50.5,24331.2,13.11751,130.34022,356,-18.2,8.8,270,-16.9,16.8,14.12,153.8,18,21.7,-23873,29.5,0.348,Very High,Electric,Low,42,32.8,172882,Loiter,2,21,Rain,17.7,4.1,31.5,27,X,Ground Radar,35,0.549,395.9,32,Strong,Yes,Medium,High,UAV
567,Cruise Missile,262.8,44625.9,-13.43513,-57.65605,358,4.3,-15.8,64,-18.7,11.98,20.1,146.6,153,46.77,-28159,5.6,0.576,Medium,Turbojet,Medium,37.7,29.7,86377,Terrain Following,7,13,Storm,12.5,7.7,-16.3,74,X,AESA,26,0.508,225.3,51,,No,Low,Medium,Cruise Missile
568,Fighter,270.2,20875,27.41034,-38.53824,265,18.2,-28.3,297,-35.3,15.15,10.79,332.2,94,17.34,1031,17.5,0.361,Very High,Jet,High,10.4,36.9,8277,Combat,8,9,Rain,20.7,9,25.3,48,C,IRST,493,0.914,384.2,82,Strong,No,High,Medium,Fighter
569,Fighter,358.3,7918.5,-40.3675,-6.1505,239,-15.9,43.5,249,-48,18.98,2.89,190.8,292,37.11,-40233,7.3,0.86,Low,Jet,High,39.3,17.9,19740,Combat,7,28,Rain,10.1,24.4,-18.4,90,L,AESA,381,0.659,417.5,66,,Yes,High,Medium,Fighter
570,Cruise Missile,210.7,39386.5,-52.70002,-145.99415,112,-7,-26.4,153,4.1,18.2,17.2,31,263,22.55,11020,6.3,0.537,Very High,Turbojet,Medium,13.3,22.4,197230,Terrain Following,1,28,Fog,18.3,17.1,39.4,55,L,AESA,80,0.513,422.1,40,Weak,Yes,High,Medium,Cruise Missile
571,Transport Aircraft,226,26973.4,-2.02052,-84.06467,230,12.8,16,180,8.2,5.18,8.21,8,222,38.42,-2465,33.9,0.494,High,Turbofan,High,10.2,52,6858,Cruise,4,17,Fog,27.4,21.4,32,31,X,AWACS,130,0.692,317.8,99,,Yes,Medium,Medium,Transport Aircraft
572,Helicopter,62.1,7550.8,-17.33437,163.38358,184,-4.9,4.5,127,46.7,9.53,21.81,298.7,293,19.18,-7542,9.3,0.116,High,Turboshaft,Medium,33.2,43.5,89119,Hover,9,17,Clear,14.9,3.6,9.4,42,X,Ground Radar,163,0.985,473.8,146,Moderate,Yes,High,Low,Helicopter
573,Ballistic Missile,3929.6,27694.2,-7.1712,-111.89629,24,-13.1,-12.4,156,12.1,-0.8,6.16,279.9,314,43.16,-16697,20.2,0.617,Very High,Rocket,Very High,25.6,39.4,48709,Ballistic,6,17,Storm,4.6,3.2,22.5,25,X,Ground Radar,342,0.803,430.9,97,Strong,No,High,Medium,Ballistic Missile
574,Fighter,691.5,33230.4,30.05974,97.62449,162,-2.4,-41,3,-30.7,13.86,2.46,247.9,267,41.98,28103,34.6,0.113,Low,Jet,High,41.6,35.8,95004,Combat,1,15,Storm,1.9,12.5,11.1,24,C,AESA,273,0.947,330.4,130,Weak,No,Low,Low,Fighter
575,Hypersonic Missile,2856.9,17397.6,-44.58152,32.01032,1,7.7,-9.7,345,-22.4,-2.71,10.84,202.9,245,30.62,7832,30.8,0.009,Medium,Scramjet,Very High,22.1,58,120485,Glide,10,9,Fog,27.5,20.3,3.1,52,C,AWACS,298,0.772,484.4,176,Strong,Yes,Medium,Low,Hypersonic Missile
576,Cruise Missile,209.2,19707.5,1.27755,6.77847,116,-13.4,14.4,213,-14.4,-2.02,4.53,99.6,108,46.49,13745,9.3,0.947,Medium,Turbojet,Medium,15.2,36.5,100268,Terrain Following,10,9,Storm,24.1,16.3,-20,84,S,Ground Radar,41,0.777,398.2,169,,Yes,Low,Low,Cruise Missile
577,Transport Aircraft,197.3,8172.5,26.6455,-179.77746,143,18.8,-9.9,126,36.6,8.42,10.95,84.3,216,38.31,3411,19.3,0.661,Low,Turbofan,High,21.9,9.3,28601,Cruise,7,26,Fog,28.8,17.2,-2.3,89,L,AESA,368,0.929,294.4,22,Weak,Yes,Medium,High,Transport Aircraft
578,Cruise Missile,210.8,5361.8,33.21707,-159.09032,71,-3.8,3.1,0,15.4,16.31,27.04,55.5,260,12.84,17574,6.1,0.882,Low,Turbojet,Medium,17,1.6,12412,Terrain Following,4,4,Rain,21.2,24.9,34.2,89,X,AWACS,277,0.883,113.4,92,Weak,No,Low,High,Cruise Missile
579,Ballistic Missile,3101.5,37247.6,-23.10327,-39.52285,251,13.2,19,20,-48.8,11.62,4.74,335.8,251,8.99,-8828,39,0.635,Medium,Rocket,Very High,22.5,48.7,108794,Ballistic,6,12,Rain,27.5,0,6.9,77,S,AWACS,216,0.704,127.4,28,Weak,No,High,Low,Ballistic Missile
580,Ballistic Missile,3585.2,39567.2,36.38284,30.95748,226,9.5,56.2,337,8.4,15.11,10.56,236.5,338,8.42,-44114,38.5,0.529,High,Rocket,Very High,15.9,51.3,31715,Ballistic,7,2,Rain,2.1,21.3,28.4,25,X,AESA,84,0.581,453.8,113,Weak,Yes,High,Medium,Ballistic Missile
581,Hypersonic Missile,3144.5,17801.2,-35.98484,-135.12382,275,-6.6,22.2,96,29.2,13.68,0.92,160.2,69,23.29,-3801,21.7,0.697,Very High,Scramjet,Very High,16.4,58.7,147422,Glide,3,23,Rain,8.7,6.5,7.4,80,S,Ground Radar,238,0.908,500.6,115,Strong,Yes,Low,Low,Hypersonic Missile
582,Fighter,719.3,29984.6,-29.32921,110.20372,218,16.2,0.7,44,-6.3,10.35,16.45,278.7,339,33.71,-35263,19.3,0.857,Very High,Jet,High,16.7,37.7,101579,Combat,5,7,Fog,25.9,13.9,-12.1,92,S,AESA,358,0.772,263.1,34,Strong,Yes,Medium,High,Fighter
583,Fighter,205.7,34575.7,-1.4201,-34.6869,332,0.5,-56.2,42,32,15.77,5.57,241.5,23,21.79,-2246,29.4,0.144,Medium,Jet,High,35.9,51.4,69438,Combat,9,8,Fog,23.2,2.7,20.1,21,L,Ground Radar,457,0.953,566.1,128,Weak,No,Medium,Low,Fighter
584,Cruise Missile,250.8,29169.5,36.59279,-35.78739,103,6.5,42.3,96,-19.9,10.07,5.7,32.5,125,48.86,20707,8.5,0.925,Medium,Turbojet,Medium,17.1,13.3,10459,Terrain Following,2,28,Clear,5.3,21.4,41,96,L,Ground Radar,438,0.885,400.2,103,Weak,No,High,High,Cruise Missile
585,UAV,41.2,22574.2,22.22806,-2.5778,193,3.1,35.8,172,-10.6,9.42,3.78,243.1,94,49.35,2400,10.2,0.26,Low,Electric,Low,13.8,56,50960,Loiter,1,4,Storm,26,21.1,17.7,76,X,Ground Radar,180,0.912,506.1,166,Weak,No,Medium,Low,UAV
586,Hypersonic Missile,2083.8,8916.3,-35.12785,27.25056,166,19.5,20.8,356,-6.7,15.23,24.6,57.1,149,9.99,38358,18.3,0.262,Low,Scramjet,Very High,4.3,9.9,183942,Glide,7,15,Storm,18.9,2.1,-11.3,24,L,AWACS,79,0.882,47.3,84,Weak,Yes,Medium,Low,Hypersonic Missile
587,Transport Aircraft,205.2,19135.5,-42.10733,99.34759,219,-16.4,-13.4,350,20.2,18.98,24.67,17.7,186,47.64,41450,33.4,0.25,Low,Turbofan,High,22.3,55,10340,Cruise,8,30,Clear,11,10,-10.7,27,L,AESA,318,0.877,322.6,175,Moderate,No,High,Medium,Transport Aircraft
588,Hypersonic Missile,2846.8,827,-48.47955,-16.50513,239,-7.1,-50.6,271,-42.5,3.87,15.95,41.7,349,6.38,-12277,32.3,0.555,Low,Scramjet,Very High,30.1,15.1,91093,Glide,1,25,Storm,15.1,5.2,-19.6,53,X,AESA,208,0.741,464.7,26,Weak,Yes,Medium,High,Hypersonic Missile
589,Fighter,239.5,25207.1,-37.61729,139.20355,295,-5.9,9.3,309,-49.3,-3.75,5.12,227.4,185,13.47,8450,14.3,0.51,Very High,Jet,High,15.7,59.2,86699,Combat,9,19,Clear,24.8,11.4,41,66,C,AWACS,222,0.753,13.3,105,Strong,No,Low,Low,Fighter
590,UAV,43,39199.4,-18.22409,100.61214,266,-2.2,37.1,263,13.3,12.2,16.28,171.7,81,36.88,21450,36,0.414,Low,Electric,Low,11,11.2,85109,Loiter,6,19,Clear,3.7,11.9,30,36,X,AESA,174,0.696,262.7,3,Weak,Yes,Low,Medium,UAV
591,Ballistic Missile,2485.1,8794.5,28.08533,-126.28057,280,13.7,-55.4,241,-19,-3.33,1.54,60.7,87,4.58,25399,28,0.674,High,Rocket,Very High,33.3,3.9,53469,Ballistic,7,27,Clear,18.3,13.9,11.9,72,X,AESA,394,0.973,439.5,27,,No,High,High,Ballistic Missile
592,Helicopter,76.6,19301.2,21.53353,81.94549,338,-16.4,-35.5,192,6.4,6.07,17.61,398.1,114,44.88,-33418,11.1,0.44,Very High,Turboshaft,Medium,24.1,3.4,101584,Hover,2,8,Rain,3.6,10.9,-7.3,20,L,IRST,48,0.75,165.3,89,Weak,No,Medium,High,Helicopter
593,UAV,43.7,3281.6,51.96095,40.59512,22,-2.9,-58.5,6,-7.8,16.85,12.45,162.4,125,31.91,18568,5.8,0.144,Low,Electric,Low,13.6,44.3,74416,Loiter,5,22,Storm,7.8,7.1,8.5,44,X,IRST,317,0.752,434.4,65,,No,High,Medium,UAV
594,Helicopter,49.2,23017,51.83227,-158.8804,1,-11.6,-31.9,44,-5.9,11.91,19.62,243.5,297,29.14,33851,16.2,0.078,Very High,Turboshaft,Medium,12.1,6.8,4139,Hover,1,14,Fog,7.1,12.2,-11,51,X,IRST,133,0.514,249.6,48,Weak,No,Low,Medium,Helicopter
595,Cruise Missile,252.1,35780.5,-54.68334,-100.74732,276,18.1,-13.5,51,-11.5,1.5,28.01,126.4,203,13.53,38786,5.4,0.09,Very High,Turbojet,Medium,20.1,0,25633,Terrain Following,4,14,Fog,16.7,1.9,-12.7,41,S,AWACS,25,0.856,417.6,86,Moderate,No,Medium,Low,Cruise Missile
596,Fighter,315.7,15989.3,-57.36903,-44.37408,337,-18.8,20.3,329,-40.2,14.18,23.37,145.8,273,8.48,-45145,27.6,0.228,High,Jet,High,9.2,5.2,172627,Combat,3,22,Fog,2.7,19.9,5.6,21,X,IRST,344,0.988,581.8,90,Weak,Yes,Medium,Low,Fighter
597,Ballistic Missile,6167.5,6138.2,-33.29891,20.11169,3,-13.9,-48.6,290,-13,15.06,20.99,50.9,224,31.4,13890,15.5,0.198,Medium,Rocket,Very High,49.1,16.8,24994,Ballistic,10,6,Clear,17.3,20.5,8,90,L,IRST,362,0.699,501.5,79,,Yes,High,Medium,Ballistic Missile
598,Ballistic Missile,4951.2,48634.1,-48.0456,148.85632,23,-12.2,-16.7,21,39.9,7.7,13.93,126.2,223,35.83,-47034,12.9,0.605,High,Rocket,Very High,32.6,13,155108,Ballistic,5,25,Storm,27,12.6,2.2,53,S,AESA,262,0.709,441.4,159,,No,High,High,Ballistic Missile
599,UAV,48.5,43878.6,-15.91565,-37.48868,207,2.1,-20.5,242,-36.7,-4.53,20.41,306.8,47,2.91,10902,16.9,0.13,Very High,Electric,Low,28.9,7.1,57527,Loiter,5,11,Fog,6.7,6.5,30.8,38,L,Ground Radar,474,0.672,52.5,194,Moderate,Yes,High,Medium,UAV
600,UAV,66.2,38650.6,-21.86477,74.28548,22,-13.6,35.4,145,-30.9,14.63,22.17,21.3,103,33.21,-29633,21.1,0.41,High,Electric,Low,44.5,36.9,156284,Loiter,5,14,Clear,13.4,13.1,-16,88,L,Ground Radar,262,0.786,63.9,74,Weak,Yes,High,High,UAV
601,Cruise Missile,223.5,10102,-25.93131,14.3366,19,-7.1,46.1,87,-44.8,3.25,0.45,366.7,209,49.31,10942,22.5,0.087,Medium,Turbojet,Medium,4,19,106411,Terrain Following,9,18,Storm,12.1,9.9,10,59,S,AESA,460,0.6,62.8,103,Strong,No,High,High,Cruise Missile
602,UAV,54.8,31416,-38.00537,55.55817,307,4.6,55.4,328,1.5,6.83,26.8,157.3,134,19.23,33268,14.6,0.367,High,Electric,Low,41.2,30.1,138068,Loiter,3,20,Fog,7.2,2.4,19,92,L,AESA,191,0.891,114.4,21,Strong,No,High,High,UAV
603,Cruise Missile,279,46354.1,55.50211,-33.44114,22,5.4,-27.9,62,-36.6,12.99,8.24,266.5,342,22.42,-22142,39.7,0.813,Very High,Turbojet,Medium,16.7,48.8,69313,Terrain Following,4,18,Fog,17.1,24.1,12.4,12,X,AESA,95,0.707,468.3,52,,No,High,Medium,Cruise Missile
604,Cruise Missile,211.5,32144.1,-41.22375,-47.48627,357,-7.8,-27.6,215,-4.8,-2.75,0.65,103.3,246,17.61,-32458,32.5,0.399,Low,Turbojet,Medium,6.3,48.1,157559,Terrain Following,3,7,Clear,1.9,15.5,23.6,51,C,Ground Radar,93,0.82,22.2,10,Moderate,Yes,High,High,Cruise Missile
605,Cruise Missile,202.8,45662.7,-21.34335,22.35462,324,-16.8,-47.2,310,10,1.4,13.33,329,132,14.27,44154,29.8,0.199,High,Turbojet,Medium,46.1,14.5,118742,Terrain Following,8,14,Rain,4.6,5.6,-3.1,47,L,IRST,157,0.895,393.9,19,Weak,Yes,Low,Medium,Cruise Missile
606,Helicopter,52.1,30471.9,24.31399,36.20368,242,5.1,-37.1,219,-9.2,14.04,16.32,8.9,161,34.7,-20623,8.7,0.425,Very High,Turboshaft,Medium,40.9,42.3,66134,Hover,2,25,Rain,10.3,9.3,5.3,46,S,Ground Radar,263,0.548,181.5,58,Weak,Yes,High,Medium,Helicopter
607,Ballistic Missile,5542.6,5073.1,12.92432,-26.50183,28,-3.4,16.5,196,22.7,14.51,23.6,223,131,7.74,134,33.3,0.427,Low,Rocket,Very High,38.3,36.2,119179,Ballistic,8,24,Clear,1.3,8.4,23.1,36,C,AWACS,303,0.625,532.3,10,,No,Medium,Low,Ballistic Missile
608,Hypersonic Missile,1946,25887.7,13.65234,-22.90599,5,2.5,-15.7,267,-32.4,19.06,14.31,4.9,324,23.72,-32853,14.4,0.148,Medium,Scramjet,Very High,48.4,2.6,154727,Glide,5,18,Storm,4.3,2,38,43,C,AESA,407,0.979,516,81,Moderate,No,High,High,Hypersonic Missile
609,Hypersonic Missile,2278.5,40800.5,-28.21192,52.88107,177,3.3,30.5,250,-38.6,15.14,6.04,260,106,27.92,-10541,34.5,0.764,Very High,Scramjet,Very High,45.5,34,54873,Glide,10,21,Clear,7.1,2.6,-7.9,66,X,AESA,9,0.786,562.6,1,Weak,No,Medium,Medium,Hypersonic Missile
610,Hypersonic Missile,2620,26499.1,27.59734,-134.57952,293,-3.6,-43.2,69,-30.6,18.54,23.73,115.6,261,40.52,-27609,24.9,0.357,Medium,Scramjet,Very High,5.1,31.1,98148,Glide,10,10,Storm,11.1,10.3,3.1,74,C,AWACS,159,0.687,9.9,108,Moderate,Yes,Low,Medium,Hypersonic Missile
611,Helicopter,49.8,18114.4,12.65719,-151.84384,42,-19.2,30.2,189,-2.5,2.4,11.02,11.4,353,7.05,-49477,11.1,0.998,Low,Turboshaft,Medium,17,39.9,168815,Hover,10,28,Fog,1.3,7.8,14.1,23,X,Ground Radar,365,0.87,239.9,179,Strong,Yes,Medium,Medium,Helicopter
612,Ballistic Missile,6394.5,47153.5,-39.28365,-12.16569,321,-8.7,31,147,34.4,16.4,6.08,69.2,91,30.12,-31910,21.1,0.003,Low,Rocket,Very High,17.6,32.3,69419,Ballistic,2,5,Storm,2.7,6.6,-0.1,68,S,AWACS,136,0.61,466.7,35,,No,High,Medium,Ballistic Missile
613,Ballistic Missile,2289.8,38678.9,-53.98725,36.83852,316,-12,-25.4,344,36.4,1.79,29.81,49.9,315,18.83,-33116,37.8,0.966,Low,Rocket,Very High,18.2,33.6,182491,Ballistic,8,11,Fog,12.8,3.9,20.2,95,X,AWACS,96,0.798,317.8,41,,Yes,Medium,High,Ballistic Missile
614,Cruise Missile,266.5,12029.4,10.60904,90.45291,217,9.8,58.1,159,38.3,8.15,28.17,185.3,276,21.24,-1631,26,0.647,High,Turbojet,Medium,14.8,22.6,35821,Terrain Following,6,4,Clear,26.4,18.2,38.6,10,L,Ground Radar,84,0.562,352.7,117,,Yes,Low,Low,Cruise Missile
615,Hypersonic Missile,3282.7,12683.6,12.19502,53.13203,225,3.5,56.5,192,-22.9,19.15,0.38,248.2,285,38.42,-29934,9.9,0.069,Very High,Scramjet,Very High,17.4,5.1,105253,Glide,4,4,Fog,4.3,15.8,17.6,71,S,AESA,286,0.949,44.2,169,,Yes,Low,Low,Hypersonic Missile
616,Cruise Missile,248.3,20557.6,57.22285,44.84144,247,4.9,4.1,231,-9.9,10.95,12.9,113,43,14.84,33017,39.5,0.354,Medium,Turbojet,Medium,10.8,0.4,62215,Terrain Following,3,25,Fog,3.3,21.3,-15.5,81,S,AESA,142,0.602,210.9,136,,No,Low,Low,Cruise Missile
617,Hypersonic Missile,2207,8178.3,56.57648,25.8026,53,-5.2,22.4,44,-4.4,17.31,23.82,278.2,256,49.87,-21677,9.5,0.338,Medium,Scramjet,Very High,40.9,45.9,87057,Glide,4,4,Fog,19.3,18.8,-10.8,22,C,AESA,58,0.653,49.1,76,Strong,No,High,Medium,Hypersonic Missile
618,Transport Aircraft,220.4,45963.9,21.5688,-169.19089,334,-9.2,-11.9,74,12.8,-2.2,27.79,189.7,292,9.14,16567,26.9,0.62,Low,Turbofan,High,9.6,35.6,19065,Cruise,6,29,Rain,8.3,6.9,-3.6,67,X,AESA,168,0.7,561.3,49,Weak,Yes,High,Low,Transport Aircraft
619,Ballistic Missile,6377.6,19402.4,-18.28129,175.8522,132,15.5,22.5,335,-17,14.99,0.21,225.3,112,6.2,-18064,35.8,0.378,Low,Rocket,Very High,41.9,5.3,26128,Ballistic,2,30,Clear,26.7,18.5,12.4,42,L,IRST,55,0.945,346.8,107,Moderate,No,High,Low,Ballistic Missile
620,Hypersonic Missile,2033.6,42154,11.69531,111.77067,74,-19.5,-39.1,192,27.2,4.71,3.83,45.5,342,11.5,-16735,30.9,0.02,Very High,Scramjet,Very High,7.7,6.9,140476,Glide,9,9,Clear,29,0.5,-15.1,26,L,Ground Radar,155,0.549,41.8,25,Weak,Yes,High,Medium,Hypersonic Missile
621,Transport Aircraft,249.5,14199.5,37.85007,-147.09379,74,-16.7,-27.7,263,46.8,0.11,3.47,396.7,341,33.06,45909,31.6,0.955,Very High,Turbofan,High,37.5,58.8,156192,Cruise,2,25,Fog,12.1,24.6,22.7,23,C,IRST,233,0.724,584.3,38,Strong,Yes,Medium,Medium,Transport Aircraft
622,Helicopter,86.7,17494,-51.33236,-48.06821,90,-11.3,-42.7,304,-48.8,-3.16,29.05,398.2,220,13.91,16207,5.1,0.806,High,Turboshaft,Medium,47.6,55,92010,Hover,9,26,Clear,4,7.4,27.1,72,S,Ground Radar,199,0.688,422.5,36,,Yes,Medium,High,Helicopter
623,Hypersonic Missile,3452.9,9105.4,58.41179,-40.69257,158,1.5,18,279,-45.5,1.57,15.24,219.9,343,0.37,-43662,15.8,0.601,Very High,Scramjet,Very High,49.7,34.8,52959,Glide,1,17,Clear,1.6,8.1,16,31,S,AESA,196,0.625,280.2,183,Weak,Yes,Low,Low,Hypersonic Missile
624,Ballistic Missile,2110.6,22804.1,-12.24327,-13.25821,112,18.4,-55.9,55,33.7,5.85,26.14,157.2,261,6.56,41600,31.7,0.724,High,Rocket,Very High,29.2,27,88047,Ballistic,5,22,Storm,27.9,23.8,-4.6,10,S,AESA,15,0.628,441.9,163,Weak,No,Low,Low,Ballistic Missile
625,Ballistic Missile,3525.2,32158.7,-55.13176,-16.38452,316,12.3,25.9,302,-34.6,6.71,17.03,253.1,19,47.64,19190,5.6,0.152,High,Rocket,Very High,8.4,3,96158,Ballistic,7,20,Clear,29.2,18.3,34.8,76,C,AESA,396,0.52,71.3,76,Weak,No,Low,Medium,Ballistic Missile
626,Helicopter,78.2,42455.5,27.43365,-79.66816,159,9.1,-53.9,302,-29.1,3.27,18.95,54,229,10.29,20278,19,0.434,High,Turboshaft,Medium,29.5,22.6,72744,Hover,6,26,Clear,27.1,0,18.2,96,L,AESA,94,0.926,378.6,71,Strong,Yes,High,Medium,Helicopter
627,Helicopter,77,246.5,42.74515,101.1315,153,-13.7,35.3,292,-21.2,-3.55,13.72,22.8,146,8.58,30326,6.1,0.405,Low,Turboshaft,Medium,49.9,39.9,93548,Hover,10,23,Storm,26.5,18,24,98,L,AWACS,311,0.833,344.3,140,,Yes,Medium,Medium,Helicopter
628,Helicopter,81.1,38593.7,-20.55899,-36.54655,128,4.8,49.5,15,39.1,0.01,23.84,30.7,147,21.2,-39585,16.6,0.471,High,Turboshaft,Medium,44,4.5,51238,Hover,3,4,Clear,19.7,11.6,18.2,75,X,AESA,236,0.72,468.1,43,Moderate,Yes,High,Low,Helicopter
629,Cruise Missile,258.7,35538.4,-21.05832,-80.26832,333,0.1,27,229,15.4,3.51,0.02,49.5,320,16.29,-1537,11.2,0.579,High,Turbojet,Medium,44.8,49.3,16862,Terrain Following,10,14,Fog,24,1.5,28.5,29,L,Ground Radar,445,0.614,507.9,56,,No,Low,Medium,Cruise Missile
630,UAV,67.6,31490.6,-45.35911,40.40829,187,-5.8,-57.4,279,11.7,3.91,13.27,177.8,65,48,-30025,10.5,0.689,Very High,Electric,Low,5.4,34.3,43778,Loiter,4,26,Clear,12.1,7.6,14.6,66,L,Ground Radar,222,0.938,419.4,39,Moderate,No,Low,Low,UAV
631,Hypersonic Missile,2625.2,36630.2,-37.21987,31.63996,214,-19.5,58.9,119,35.5,-0.98,2.81,32.5,132,21.84,15289,32.7,0.323,Low,Scramjet,Very High,47.3,17.8,133840,Glide,1,28,Storm,29.9,14.3,10.4,57,C,Ground Radar,38,0.578,259.5,96,,No,Low,Low,Hypersonic Missile
632,Fighter,511.3,43068.2,-47.69657,-15.23633,50,-14.1,-9.4,71,-19.8,10.3,7.15,22,147,12.3,11913,14.9,0.479,Very High,Jet,High,14.2,23,72993,Combat,10,21,Storm,19.8,2.2,2.8,21,X,Ground Radar,69,0.911,288.6,180,Strong,Yes,Low,Medium,Fighter
633,Hypersonic Missile,2420.8,16289.5,-24.7801,-122.5185,158,5.8,31.8,208,31.4,13.94,0.41,102.2,125,17.25,-37340,30.6,0.18,Low,Scramjet,Very High,45.1,31.7,118039,Glide,6,2,Storm,18.3,13.9,-3.8,16,C,IRST,497,0.906,489.2,162,Moderate,No,Low,Low,Hypersonic Missile
634,Transport Aircraft,204.2,48090.7,-10.86248,86.3839,112,12.7,-27.4,283,5.8,-0.46,20.95,205.2,246,5.98,-34789,8.9,0.971,Very High,Turbofan,High,42.1,41.9,151234,Cruise,5,27,Rain,7.3,7.3,-13.4,22,S,Ground Radar,489,0.526,129,35,Weak,No,High,High,Transport Aircraft
635,Hypersonic Missile,2382.4,3342.3,11.04764,111.75334,153,-10.2,-59.2,3,-5,7.77,14.03,354.6,264,21.68,-25138,28.7,0.353,Low,Scramjet,Very High,33.7,30.1,18552,Glide,3,18,Storm,6.7,24.4,-5.1,44,S,AWACS,270,0.854,499.4,195,Weak,No,High,Medium,Hypersonic Missile
636,Hypersonic Missile,2693.7,35348.2,52.9229,100.39042,128,-7.9,51.9,95,-13,-1.92,18.11,92.7,50,7.37,-11636,22.5,0.894,Low,Scramjet,Very High,34.1,17.9,170170,Glide,4,10,Clear,18.5,2.8,42.5,54,C,AWACS,84,0.936,518.2,46,Strong,Yes,High,High,Hypersonic Missile
637,Transport Aircraft,203.2,39050.7,-2.3898,69.91772,47,13.8,5.4,288,14.9,16.53,7.59,300.6,318,8.47,-37187,5.6,0.408,Medium,Turbofan,High,13.7,48,18922,Cruise,7,23,Rain,2.5,11.2,36.2,94,C,Ground Radar,273,0.762,173.2,154,Strong,Yes,Medium,High,Transport Aircraft
638,Fighter,213.1,22182.4,-41.85264,87.30799,316,-4.8,-52.8,181,45,12.38,19.71,342.5,180,1.9,-19790,6,0.085,Medium,Jet,High,22.3,27.9,61409,Combat,7,8,Fog,14.8,1.5,18.6,92,S,IRST,466,0.78,3.3,108,Strong,Yes,High,Medium,Fighter
639,Helicopter,76.5,15612.8,22.92501,-134.17672,74,8.7,-1.7,290,-34.9,9.23,22.14,114.3,131,25.53,-12151,27.3,0.591,Medium,Turboshaft,Medium,19.3,39.9,117095,Hover,2,22,Clear,7.6,9.9,5.6,45,L,AESA,382,0.791,569.2,87,,No,Medium,Medium,Helicopter
640,Hypersonic Missile,2173.9,16843.8,39.43544,173.00265,196,0.1,39.9,161,-4.1,0.59,17.14,326.1,193,17.37,-2253,6.6,0.091,Low,Scramjet,Very High,18.7,48.3,43852,Glide,6,20,Rain,11.6,17.4,-13.2,75,L,Ground Radar,388,0.694,13.8,135,Moderate,Yes,Low,Low,Hypersonic Missile
641,Hypersonic Missile,3314.6,2719,-42.51244,106.43264,181,-14.2,-28.8,71,26.4,18.19,9.6,50.6,272,6.35,3251,6,0.658,Very High,Scramjet,Very High,5.1,42.9,184616,Glide,5,27,Clear,14.5,11.5,-5.9,30,L,AESA,280,0.822,401.1,152,Moderate,No,Low,High,Hypersonic Missile
642,Cruise Missile,201.3,30787.2,-4.23339,49.98492,339,-17.7,55.6,34,16.5,18.94,10.16,163.3,235,0.83,-3759,9.1,0.902,Medium,Turbojet,Medium,17,28.4,104306,Terrain Following,8,16,Fog,19.6,19,-15.7,15,C,IRST,107,0.829,593.6,137,Weak,Yes,Medium,Medium,Cruise Missile
643,Fighter,302.2,38969.2,-49.83642,-56.81642,65,-4.2,58.6,54,-4.4,6.28,28.03,369.2,85,16.09,-36378,7.5,0.624,High,Jet,High,41.4,30.1,27500,Combat,6,13,Clear,1.8,0.2,15.3,57,S,Ground Radar,337,0.566,246.5,151,Moderate,Yes,Low,Medium,Fighter
644,Ballistic Missile,3098.5,42763.4,-5.10127,110.75896,233,11.8,-42.5,208,42.8,4.88,26.97,336.7,201,3.81,-136,22.3,0.273,Very High,Rocket,Very High,33.6,49.2,24705,Ballistic,3,4,Clear,9.8,13,28.8,91,C,Ground Radar,253,0.86,589.4,74,Strong,No,Low,High,Ballistic Missile
645,Fighter,212.9,27278.4,40.82008,-92.07876,291,-2.5,-50.4,267,-8.2,15.7,21.28,94.7,251,14.65,-21922,9.2,0.837,Medium,Jet,High,16.3,0.3,26311,Combat,1,21,Clear,3.1,3.9,-5.7,12,X,AWACS,62,0.508,239.6,90,Weak,No,Medium,Low,Fighter
646,UAV,63.2,43934.4,-34.27122,-175.24785,31,-16,-53.4,95,-48,5.19,0.08,398.8,176,25.25,-14948,36.9,0.616,High,Electric,Low,45.4,37,192665,Loiter,2,14,Storm,16.5,0.3,44.6,90,S,Ground Radar,86,0.731,343,87,Strong,No,Medium,Low,UAV
647,Transport Aircraft,254.5,34144.7,4.51841,-74.96329,268,13.8,-54.5,133,-49.2,-3.78,5.84,292.4,307,34.88,2010,32.9,0.019,High,Turbofan,High,9.2,5.3,15637,Cruise,10,27,Storm,12,20.7,17.6,92,L,IRST,42,0.827,132.3,164,Strong,Yes,High,Medium,Transport Aircraft
648,Fighter,659.5,25086.4,-41.96132,165.67373,8,2.5,19.4,334,35.4,17.71,11.12,177.5,329,43.73,1287,17.3,0.64,Low,Jet,High,40.4,39.8,118039,Combat,6,29,Rain,4.1,9,36.7,100,L,AWACS,95,0.802,336.2,13,,No,High,Low,Fighter
649,Helicopter,86,7698.3,22.25607,-32.82506,87,19.8,36.5,273,0.8,18.44,10.24,250.3,36,32.75,39472,5.8,0.478,Very High,Turboshaft,Medium,12.2,12.4,154059,Hover,2,3,Rain,24.9,12.8,-4.5,19,C,Ground Radar,289,0.815,223.3,90,Strong,No,Medium,High,Helicopter
650,Transport Aircraft,228,45197.6,-9.57962,61.75465,115,4.7,-18.9,320,-30.5,-0.18,4.02,56,191,46.45,16410,37.1,0.005,Low,Turbofan,High,19.8,53.4,174285,Cruise,5,13,Storm,25.1,11.2,34.8,29,L,Ground Radar,307,0.637,28.2,17,Weak,No,High,High,Transport Aircraft
651,Helicopter,70,20899,-9.08619,-74.43187,32,16.1,-7.5,99,18.7,4.05,14.83,164.9,248,17.15,-26639,30.1,0.625,High,Turboshaft,Medium,35.3,47,199832,Hover,8,9,Clear,29.1,3.7,24.9,58,C,AWACS,341,0.889,105.1,131,Moderate,Yes,Low,Low,Helicopter
652,Ballistic Missile,2001.3,2503.1,49.32901,157.42672,316,-14.7,52.1,75,-36.5,6.93,5.34,356.2,131,40.74,16047,18.3,0.812,Low,Rocket,Very High,7.3,45.6,70192,Ballistic,8,3,Storm,26.2,21.7,12.2,44,S,Ground Radar,61,0.904,329.7,46,Moderate,No,High,Low,Ballistic Missile
653,Helicopter,78.6,20318.1,48.01222,-26.42526,171,15.9,37.8,224,-26.5,4.28,10.05,68.2,297,43.3,-3568,23.1,0.001,Medium,Turboshaft,Medium,25,32.1,60766,Hover,6,7,Clear,14.2,20.4,35.6,18,X,Ground Radar,261,0.738,132.4,159,Weak,Yes,Low,High,Helicopter
654,Cruise Missile,214,46694.6,33.04037,32.81364,174,15.3,45.3,136,44.6,2.32,19.16,33.7,243,4.35,-16496,39.9,0.426,Low,Turbojet,Medium,30.4,33.6,38691,Terrain Following,10,18,Clear,3.6,11.2,18.2,13,S,IRST,435,0.516,469.6,105,Weak,Yes,Low,Medium,Cruise Missile
655,Hypersonic Missile,2719.3,34839.2,40.61744,167.02599,347,-4.9,-12.2,194,1.7,-1.56,5.68,229.6,343,43.11,-45045,22,0.107,Medium,Scramjet,Very High,41.2,19.7,47793,Glide,7,16,Rain,13.5,11.8,30.5,96,S,AESA,92,0.659,310.1,166,Weak,No,High,High,Hypersonic Missile
656,Transport Aircraft,223.2,32939.8,55.01045,-95.33099,178,7.2,-25.1,6,-22.9,12.52,1.58,396.4,247,0.39,-1165,24.8,0.912,Medium,Turbofan,High,43.1,55.6,159720,Cruise,7,23,Storm,10.4,10.8,-6.5,43,L,IRST,104,0.986,245.5,145,Weak,Yes,Low,Low,Transport Aircraft
657,Helicopter,69.4,3156.7,6.67293,158.53222,199,12.9,-23.8,239,30.9,3.25,11.89,357.6,234,33.77,-3352,39.2,0.496,Low,Turboshaft,Medium,8.3,25.2,139165,Hover,10,7,Storm,24.8,7.7,-10.1,66,L,Ground Radar,195,0.86,442.2,188,Strong,Yes,Low,Medium,Helicopter
658,UAV,27.9,13437.3,7.2046,-166.79854,154,10.7,53.8,89,-30.9,5.68,29.18,312.5,203,15.13,24665,25.4,0.559,Medium,Electric,Low,35.9,34.2,98035,Loiter,5,26,Clear,5.5,3.3,-15.9,41,X,IRST,437,0.912,497.8,126,,No,High,Medium,UAV
659,Transport Aircraft,229,48812.7,18.80643,80.14811,249,12.9,-54,317,-42.8,-3.78,28.9,353.4,31,6.57,-9009,20.7,0.637,High,Turbofan,High,15,53.2,153189,Cruise,2,30,Rain,10.5,2.6,21,17,X,AESA,268,0.701,530.2,5,Moderate,Yes,Low,High,Transport Aircraft
660,Transport Aircraft,193.9,13612.5,-48.63229,107.18682,71,5.2,6.4,237,19.1,11.62,4.13,34.3,52,44.64,36888,28.6,0.521,Very High,Turbofan,High,19.4,45.1,45824,Cruise,4,2,Clear,5.2,1.2,24,53,X,Ground Radar,348,0.619,599.3,197,,Yes,Medium,Low,Transport Aircraft
661,Ballistic Missile,5268.9,7800.3,-23.92309,-60.55695,60,17.2,29.3,35,11.7,11.54,11.51,151,292,22.64,27072,15.3,0.202,Low,Rocket,Very High,44.2,5.6,97122,Ballistic,2,20,Rain,4.8,23.8,37.3,37,L,AESA,12,0.557,444.4,37,Moderate,Yes,Low,Low,Ballistic Missile
662,Helicopter,80.4,12884.5,30.21042,170.90489,260,-5.7,57,60,10.5,2.71,7.3,345.3,194,7.24,10749,29.2,0.64,Very High,Turboshaft,Medium,12.2,32.9,148305,Hover,6,13,Clear,3.5,4.3,34.8,73,L,AESA,416,0.971,246.8,116,Moderate,Yes,High,Low,Helicopter
663,Fighter,656.5,34811.7,-52.50443,-59.08109,34,3.9,-45.9,310,-9.9,11.33,27.97,193.4,77,28.94,33486,20.8,0.965,Low,Jet,High,39.1,31.1,106840,Combat,4,4,Rain,23.7,15.7,-4.4,70,C,IRST,409,0.537,571,82,,Yes,High,Low,Fighter
664,Cruise Missile,235.8,1066.7,40.316,-147.65637,35,-9.9,-4,187,19.9,9.95,10.1,318.3,285,22.23,-17787,28.1,0.993,High,Turbojet,Medium,20,52.7,13195,Terrain Following,6,22,Fog,3.1,8,36.4,23,C,IRST,28,0.763,11.7,93,,No,Low,Medium,Cruise Missile
665,UAV,32.1,32407,20.91805,-149.8764,6,12.6,25.2,258,1.5,4.29,26.51,233.3,174,0.22,-17989,39.6,0.506,Low,Electric,Low,20.1,51.8,155490,Loiter,7,10,Rain,28,8.6,-19.9,44,C,AESA,140,0.845,597.5,99,Strong,Yes,Low,Low,UAV
666,Ballistic Missile,4812.1,47482,1.72199,16.32159,284,-18.3,-33.8,151,-44.6,4.43,14,307.8,190,38.69,49789,24.9,0.781,Low,Rocket,Very High,26.4,40.3,193188,Ballistic,2,16,Rain,22.1,12.6,0.5,10,L,IRST,225,0.964,392.2,148,Moderate,No,Low,Medium,Ballistic Missile
667,Transport Aircraft,218.9,27261.9,5.46434,171.03047,168,15.8,35.6,99,-23.9,4.73,18.7,91.4,57,7.04,-26409,24.8,0.547,Low,Turbofan,High,40.7,35.9,8096,Cruise,7,13,Fog,27.8,12.8,28.1,69,S,IRST,233,0.96,586,22,,No,High,Low,Transport Aircraft
668,Fighter,617.5,28442.8,28.83865,160.30881,312,7,46.3,301,30.3,6.74,16.78,149.8,235,16.82,3428,14.8,0.903,High,Jet,High,18.8,9.6,71398,Combat,9,2,Clear,20.8,22.8,-17.5,78,S,Ground Radar,12,0.972,460.5,134,,No,Medium,Medium,Fighter
669,Helicopter,51.4,9086.7,-15.60981,-55.58439,86,1.3,39.2,211,9.7,-2.19,10.36,174.1,235,31.77,3561,6.2,0.399,High,Turboshaft,Medium,44.1,47.2,106158,Hover,9,24,Clear,22.8,23,12,95,X,AWACS,260,0.699,97.3,21,,No,High,Low,Helicopter
670,Hypersonic Missile,3451.8,12867.3,20.74419,0.46187,15,9.9,12.9,291,-32.4,17.01,19.27,106.2,286,47.88,-48760,7.2,0.907,High,Scramjet,Very High,15.2,37.2,177516,Glide,5,2,Clear,23.7,18.4,7.4,92,C,AWACS,453,0.977,577.8,197,Strong,No,Medium,Low,Hypersonic Missile
671,Fighter,507.1,2777.4,-18.24887,-92.60463,87,18.5,49.6,158,-25.8,17.8,21.46,24.1,46,11.38,23112,26.5,0.139,High,Jet,High,43.8,21.3,81707,Combat,1,12,Fog,1.7,14.3,-18.1,25,S,Ground Radar,450,0.674,403.7,77,Moderate,No,Medium,Low,Fighter
672,Hypersonic Missile,1949.6,9981,38.51214,174.65247,192,-8.7,-32,334,-43.9,8.02,19.54,184.6,53,6.38,-3046,35.3,0.579,High,Scramjet,Very High,38.8,15,66109,Glide,4,5,Storm,26.9,16.7,16.7,37,L,Ground Radar,70,0.724,48,153,Moderate,Yes,Medium,High,Hypersonic Missile
673,Ballistic Missile,4024.6,24258.8,41.76684,-135.18645,224,3.8,53.4,30,-8.4,13.54,14.76,126.7,283,21.95,-557,38.1,0.166,High,Rocket,Very High,47.8,38.6,179949,Ballistic,2,28,Storm,26.7,23.6,27.6,41,C,Ground Radar,98,0.605,244.8,134,,Yes,Medium,Medium,Ballistic Missile
674,Fighter,685.3,26449.1,39.79911,-62.87859,245,-16.4,27.9,64,-31.6,7.25,18.79,54.6,341,12.55,32133,5.2,0.059,Medium,Jet,High,17.5,9.5,117769,Combat,4,6,Storm,28.4,0.9,39.3,47,X,AESA,123,0.607,164.5,129,Moderate,Yes,Medium,Medium,Fighter
675,Fighter,569.4,15699.6,36.95255,-127.07829,297,14.3,55.9,120,34.1,6.71,6.15,162.3,260,43.46,31111,5.1,0.443,Low,Jet,High,44.8,49.2,87459,Combat,8,23,Storm,9.6,14.2,1.3,49,C,AESA,46,0.582,15.8,123,,No,Low,High,Fighter
676,Transport Aircraft,218.2,37139.4,52.28255,24.25175,258,-8.5,-3.8,79,-24.4,16.37,25.62,70.2,158,24.32,27577,25.8,0.613,High,Turbofan,High,9.3,56.9,88895,Cruise,6,10,Rain,26.4,17.9,37.8,47,X,AWACS,177,0.817,501.3,19,Moderate,Yes,Medium,High,Transport Aircraft
677,Hypersonic Missile,2096.4,38535,17.02838,114.9814,45,13.9,-46.5,331,-18,1.28,6.91,246.6,226,9.47,-41830,35.1,0.652,High,Scramjet,Very High,33.5,6.6,81936,Glide,7,5,Clear,17.6,4.2,-15.7,64,X,AESA,15,0.97,475.5,35,Moderate,No,Medium,High,Hypersonic Missile
678,Transport Aircraft,184.9,13860.8,-0.56723,-42.28679,300,-14.6,-29,146,17.7,12.65,17.13,232.6,261,9.65,15353,18.7,0.303,Very High,Turbofan,High,20.2,52.5,51369,Cruise,9,12,Rain,25,12.8,-10.9,10,L,AESA,287,0.749,160.8,145,Strong,No,High,Medium,Transport Aircraft
679,Transport Aircraft,195.6,9457.5,32.69678,-76.48288,8,5.5,-55.4,10,-36.1,-3.19,9.38,324,278,45.46,29060,8.3,0.298,Low,Turbofan,High,23.1,24.1,126345,Cruise,1,15,Storm,9.9,6.2,41,48,C,Ground Radar,356,0.848,13.6,174,Weak,No,High,High,Transport Aircraft
680,Ballistic Missile,2201.6,19784,-16.34122,-137.55684,106,-7.6,-24.9,94,46.9,6.15,25.03,346.8,200,8.46,-40230,27,0.228,Low,Rocket,Very High,10.4,45.8,79778,Ballistic,10,21,Clear,9.9,6.1,28.9,61,X,IRST,174,0.845,94.8,26,,No,Low,Medium,Ballistic Missile
681,Transport Aircraft,190.8,48241.5,46.96694,60.47779,153,2.6,36.9,338,-37.5,-2.91,25.24,177.1,246,48.37,25971,28,0.902,Low,Turbofan,High,4.4,40.8,138196,Cruise,1,22,Rain,15.8,2.4,17.7,16,X,AESA,307,0.506,570.4,146,Weak,Yes,High,High,Transport Aircraft
682,Hypersonic Missile,3126.2,16468,24.49352,-61.38451,257,-10,5.8,58,-1.5,13.38,29.36,361.7,312,38.35,38788,31.9,0.062,Medium,Scramjet,Very High,39.7,3.4,162740,Glide,7,22,Fog,13.1,15.1,34.2,26,X,IRST,158,0.886,543.2,2,Strong,No,Medium,Low,Hypersonic Missile
683,Transport Aircraft,217.1,33917.6,17.49161,-101.92369,221,-4.9,37.1,246,2.5,-2.86,13.75,74,261,37.76,47927,38.8,0.412,Low,Turbofan,High,31.8,50.4,197053,Cruise,6,12,Storm,29.4,2.2,-18.1,22,X,Ground Radar,174,0.525,224.4,13,Strong,Yes,High,Medium,Transport Aircraft
684,Helicopter,42.4,27089.6,-11.35659,82.80106,340,0.7,-52.4,254,46.6,5.06,17.59,55.3,21,47.43,-38474,7.8,0.399,High,Turboshaft,Medium,31.3,35.9,97717,Hover,10,25,Clear,25.6,20.7,12.8,39,X,Ground Radar,493,0.563,540.9,140,Weak,No,Medium,Medium,Helicopter
685,Ballistic Missile,4088.7,36173.3,-54.52193,-105.42654,287,-11,-33.9,0,42.5,-1.26,12.47,60.2,304,45.23,17685,37,0.407,Very High,Rocket,Very High,10.6,54.8,164223,Ballistic,2,16,Storm,6.8,8.4,3.9,37,S,IRST,9,0.754,359.8,7,Strong,Yes,Low,High,Ballistic Missile
686,Fighter,645.8,18480.6,-35.42499,7.60958,5,-19.8,47,56,40.5,5.32,16.07,37.6,304,10.47,38559,15.8,0.97,Low,Jet,High,17.7,54,96152,Combat,2,16,Fog,18.8,1.5,41.3,34,L,AESA,165,0.813,513,14,Moderate,Yes,Medium,High,Fighter
687,UAV,31.6,37027.2,-17.45753,69.67746,194,8.5,29.3,91,11.4,17.7,11.81,58.8,278,47.24,9497,31.6,0.005,Very High,Electric,Low,29.4,4.1,41581,Loiter,5,22,Rain,25.2,20,-11.8,17,C,Ground Radar,12,0.943,565.7,145,Strong,No,Medium,Low,UAV
688,Fighter,580.9,14806.2,-41.52162,52.81506,63,9.1,-21,25,-16.2,17.43,18.01,119.4,230,7.4,3662,30.8,0.196,High,Jet,High,40,27.1,14973,Combat,7,7,Rain,7.9,18.9,-14.5,56,L,Ground Radar,92,0.659,142.1,197,,No,Medium,Medium,Fighter
689,Ballistic Missile,6606.9,42259.9,36.22178,15.38119,13,14.5,-46.9,29,29.8,16.19,24.95,196.6,236,3.89,41199,33.2,0.83,High,Rocket,Very High,23.7,27.8,40967,Ballistic,3,8,Clear,25.1,9,35.2,38,S,AESA,426,0.903,169.7,13,Weak,Yes,Medium,Low,Ballistic Missile
690,Transport Aircraft,207.7,26246.5,-21.24394,10.17597,78,-3.7,-16.1,321,-37.1,17.64,20.7,275.1,352,49.26,-6030,24.7,0.325,Low,Turbofan,High,36.5,15.7,932,Cruise,2,3,Clear,6.8,2.3,-14.7,22,C,IRST,54,0.915,402.5,35,,Yes,Low,High,Transport Aircraft
691,Helicopter,69.5,40806.2,-51.50498,56.38295,295,17.4,-49,209,4,11.3,27.23,385.3,211,5.59,33734,23.7,0.4,High,Turboshaft,Medium,8.3,24.2,108573,Hover,8,28,Storm,23.9,0.4,34.9,49,L,Ground Radar,472,0.913,161.5,27,,Yes,High,Medium,Helicopter
692,Hypersonic Missile,2584.4,23625.1,-51.1573,-103.22383,18,-9.7,-53.3,346,-42.7,12.15,1.66,47.5,358,40.55,-6093,39.7,0.337,High,Scramjet,Very High,38.8,9.8,62075,Glide,4,18,Storm,14.2,9.7,7.9,98,S,Ground Radar,287,0.541,282.7,115,Strong,No,Medium,Medium,Hypersonic Missile
693,Ballistic Missile,4629.4,5354.8,-46.13354,102.18789,217,8.6,14.1,248,-35.1,1.28,3.41,178.4,273,8.07,-26648,9.1,0.714,Medium,Rocket,Very High,32.1,55.3,28163,Ballistic,7,3,Clear,13.2,3.9,-0.2,33,L,AWACS,227,0.937,282.6,170,Strong,No,Medium,High,Ballistic Missile
694,Ballistic Missile,4480.5,497,-42.34854,-159.66944,128,-8.5,36.5,324,10.6,9.31,9.61,346.9,70,40.85,45475,20.3,0.668,Medium,Rocket,Very High,31.6,56.6,151528,Ballistic,9,21,Clear,16.8,5.3,4.6,84,S,AWACS,357,0.767,264.2,165,Weak,No,Low,Medium,Ballistic Missile
695,Fighter,558.8,16439.2,-52.9611,-6.18183,28,-1.5,4.2,45,-10.5,8.9,1.71,38.5,186,9.41,7525,38.4,0.844,Very High,Jet,High,6.8,4.4,174872,Combat,2,7,Fog,20.4,5.6,-18.9,78,L,AWACS,125,0.749,115.3,63,Weak,Yes,Medium,Low,Fighter
696,Fighter,239.1,41498,-38.45041,-82.98227,314,-2.5,39.1,147,7.4,2.35,17.14,359.4,258,2.53,4334,24,0.533,Low,Jet,High,15,13.7,55275,Combat,8,28,Storm,27.1,23.9,-9.6,41,X,AESA,84,0.537,502,34,,Yes,Low,Medium,Fighter
697,Hypersonic Missile,2544,35006.6,-47.67296,-25.52711,283,15,58,195,33.7,18.75,17.1,334,335,13.94,33811,6.6,0.942,High,Scramjet,Very High,49.7,1.5,177468,Glide,5,24,Clear,29.1,15.3,-10.7,77,X,IRST,375,0.802,290.1,105,,Yes,High,Low,Hypersonic Missile
698,Ballistic Missile,5614,3609.3,-9.20743,178.33428,311,-5.9,31.9,162,29.2,17.74,26.87,389.4,118,6.07,-19426,16.9,0.577,High,Rocket,Very High,5.6,9,42663,Ballistic,2,5,Clear,6.4,19.8,-9.6,59,X,Ground Radar,251,0.572,67.6,29,,No,High,Medium,Ballistic Missile
699,UAV,61.6,25505.1,-49.91695,-49.41135,122,-3.2,-0.2,58,13.2,-1.89,1.17,216.3,77,8.42,5749,15.1,0.925,Very High,Electric,Low,16.2,1.6,70731,Loiter,6,27,Clear,29.6,18.4,7.5,86,C,Ground Radar,121,0.518,260.7,46,Strong,Yes,Low,Medium,UAV
700,Hypersonic Missile,2620.2,13994,41.41458,-66.47185,317,13.6,-7.3,297,-0.4,13.16,11.57,168.4,202,12.45,-46832,8.7,0.065,High,Scramjet,Very High,20.2,37.1,14189,Glide,1,11,Clear,12.9,5.9,21.5,25,S,AWACS,400,0.517,579.6,128,Strong,No,Medium,High,Hypersonic Missile
701,Fighter,738,16500,-43.11454,165.71953,126,-6.3,5.3,302,42.2,-3.96,29.69,26.4,248,24.12,-18637,17.1,0.772,Low,Jet,High,35.9,36.3,189280,Combat,6,26,Rain,14,2.2,27.8,63,C,AESA,222,0.688,39.6,174,,No,Low,Low,Fighter
702,Cruise Missile,245.1,34596.6,33.30488,-32.83203,15,10.5,3,293,-35.4,0.05,27.33,8.8,121,1.41,-38788,8.9,0.278,Low,Turbojet,Medium,39,1.6,74285,Terrain Following,4,2,Clear,26.5,24.3,14.5,46,C,AWACS,120,0.565,478.6,96,Strong,Yes,Low,Low,Cruise Missile
703,UAV,28.8,16786.5,55.46211,-19.38537,98,1.4,-44.5,260,-32.8,2.37,4.88,52.8,205,10.42,16830,19.2,0.883,Medium,Electric,Low,14.4,38.4,128529,Loiter,5,19,Clear,15.8,18.2,-8.6,27,X,IRST,111,0.613,414.9,198,Moderate,No,Low,Low,UAV
704,Helicopter,79.2,23097.5,13.00194,65.6607,248,11.5,11.2,1,42.5,1.93,28.08,158.2,127,6.32,19886,18.8,0.332,Very High,Turboshaft,Medium,43,49.8,158555,Hover,9,19,Rain,18.8,0.6,44.2,78,C,IRST,288,0.554,414.2,68,Strong,Yes,High,High,Helicopter
705,Hypersonic Missile,2921.9,33064.6,-51.91529,38.89854,132,-7.3,17.2,92,-22.9,0.46,29.56,4,267,6.56,27073,33.9,0.225,Low,Scramjet,Very High,24.7,45,160894,Glide,5,28,Rain,3.1,17,3.6,83,S,Ground Radar,199,0.82,220.4,107,Moderate,Yes,Low,High,Hypersonic Missile
706,UAV,33,20105.6,-22.42099,-14.47674,61,15.1,-45,11,29.8,-2.21,11.91,204.8,86,19.69,48075,26.8,0.234,Very High,Electric,Low,20.2,6.1,144208,Loiter,7,7,Rain,20.9,8.7,-9.1,98,L,Ground Radar,461,0.562,428.4,147,Strong,Yes,Medium,Low,UAV
707,Transport Aircraft,249.4,49048.1,12.55362,-38.94434,161,-13.5,-53.1,104,-20.4,2.1,5.37,77.5,0,24.91,6715,30.8,0.217,Very High,Turbofan,High,15.9,16.8,100765,Cruise,7,21,Rain,9.4,19.8,-8.7,73,L,AWACS,136,0.67,229.8,198,Strong,No,High,High,Transport Aircraft
708,Fighter,696.7,6855.9,18.18414,-26.38859,46,-16.7,52.4,327,49.4,15.34,27.87,19.4,210,0.37,14990,17.1,0.844,High,Jet,High,11.1,26.6,199910,Combat,7,14,Rain,2.5,24.2,30.1,71,C,IRST,404,0.996,115.8,198,Strong,Yes,High,Medium,Fighter
709,Cruise Missile,181.9,24785.7,41.90745,146.68442,38,11.9,36.4,172,23.2,4.62,22.07,353.5,84,38.88,28926,13.7,0.771,Medium,Turbojet,Medium,27.9,20.7,196950,Terrain Following,9,22,Fog,28.1,9.9,20.4,44,X,AWACS,145,0.542,528.3,171,,Yes,High,Medium,Cruise Missile
710,Transport Aircraft,235.5,8064.6,41.75409,-103.25737,213,-15.7,-42.7,63,22.4,19.49,6.89,102.6,103,26.34,-1079,39.5,0.229,High,Turbofan,High,46.5,26.7,181511,Cruise,9,5,Storm,1.5,11,41.1,81,C,AESA,28,0.761,90.8,62,Weak,Yes,Medium,Low,Transport Aircraft
711,Ballistic Missile,2766.5,43037.3,-35.23983,-1.45911,9,3.6,23.3,115,-27.8,-0.94,3.99,239.5,342,10.59,-18115,31.8,0.588,Medium,Rocket,Very High,36.5,48.7,108624,Ballistic,9,12,Clear,12.7,23.2,-13.8,44,S,Ground Radar,389,0.567,387,4,Weak,Yes,High,Medium,Ballistic Missile
712,Hypersonic Missile,2109.8,34504.3,14.98712,152.9207,270,-16.5,39.1,63,20,6.79,13.21,110.5,86,16.48,9880,29.2,0.283,Very High,Scramjet,Very High,15.6,45.4,196163,Glide,4,25,Storm,21.3,16.3,-4.6,72,S,AESA,158,0.605,10.9,109,Weak,No,Low,High,Hypersonic Missile
713,Transport Aircraft,187.8,20339,4.8107,159.13016,52,5.4,-20.9,198,-8.2,13.19,8.38,57.3,144,47.65,-38464,30.9,0.268,Low,Turbofan,High,19.7,23.5,119811,Cruise,8,4,Storm,12.9,2.5,-15,38,C,Ground Radar,41,0.827,427.3,113,Weak,No,High,Low,Transport Aircraft
714,Transport Aircraft,250.3,17935.2,38.15017,66.59615,116,-15.4,-21.6,284,46.9,14.23,28.06,293.8,29,19.02,44407,12.4,0.193,Medium,Turbofan,High,36.6,5.9,131244,Cruise,5,13,Fog,4.9,9.8,14.4,28,C,AWACS,231,0.699,501.1,154,Weak,Yes,High,Low,Transport Aircraft
715,Fighter,394.6,28878.9,-56.43345,92.1676,355,-18.9,0.1,102,-22,10.09,21.5,166.4,119,47.52,-40583,30.1,0.818,High,Jet,High,29.4,10.4,88782,Combat,5,6,Storm,4.6,10.6,-7.1,57,X,IRST,170,0.603,174.7,113,Moderate,Yes,Medium,Low,Fighter
716,Hypersonic Missile,2879.4,1520.1,35.74809,137.48156,112,-16.7,-26.4,149,-33.7,3.81,24.39,9.8,103,27.59,40371,35.1,0.164,High,Scramjet,Very High,3,5.3,164126,Glide,5,14,Storm,24.1,21.6,2.3,10,C,AWACS,329,0.687,107.1,92,,No,High,Medium,Hypersonic Missile
717,UAV,38.5,27073.2,-45.907,-87.69784,255,15.1,3.1,181,37.8,-4.6,16.59,223.3,316,35.73,11691,8,0.267,High,Electric,Low,30.1,49.1,88035,Loiter,9,19,Rain,4.5,19.2,36.3,60,S,IRST,50,0.576,379.1,200,Strong,Yes,High,Low,UAV
718,Hypersonic Missile,3499.7,11451.4,-32.52914,130.05448,165,8.3,-49.3,333,7,2.41,24.03,282.7,344,16.92,-35435,13.6,0.682,High,Scramjet,Very High,36.7,18.3,129509,Glide,3,17,Clear,23.8,10.3,20.4,64,L,IRST,42,0.945,166.6,14,,Yes,High,Low,Hypersonic Missile
719,UAV,62,47180.5,-21.41395,156.90168,220,15.6,-13,356,-11.4,12.95,11.4,26.7,70,47.77,3587,7.8,0.057,Medium,Electric,Low,49.3,44,64286,Loiter,5,11,Rain,12.9,10.9,-12.6,39,X,AESA,385,0.515,521.8,94,Moderate,No,High,High,UAV
720,Ballistic Missile,5178.4,42985.4,29.18752,66.56365,319,19.7,34.5,278,15.4,12.25,27,219.4,195,23.67,-22209,8,0.658,High,Rocket,Very High,23.7,9.4,3889,Ballistic,9,8,Storm,17.5,16.4,-4.5,11,C,IRST,6,0.729,44.7,99,Moderate,Yes,Medium,High,Ballistic Missile
721,Helicopter,80.6,2849.9,14.4172,-76.63996,137,19.7,-58.1,17,-10.9,12.63,28.22,241.1,90,33.38,21589,35.8,0.516,Very High,Turboshaft,Medium,2.9,48.7,172991,Hover,1,10,Clear,20.3,3.1,6.9,44,S,AWACS,330,0.739,51.4,175,Weak,Yes,Low,Medium,Helicopter
722,Ballistic Missile,3041.1,29906.3,38.22659,-137.97139,167,7.6,-32.5,270,29.8,-4.2,9.2,382.6,154,45.26,6996,7.8,0.807,Medium,Rocket,Very High,31.8,31.6,56741,Ballistic,10,27,Rain,2.8,10,-16.7,52,L,AESA,446,0.838,78.8,187,,Yes,High,Low,Ballistic Missile
723,Ballistic Missile,2220.8,35646.7,-5.76179,-72.30304,14,5.4,27.1,98,-19.7,-0.87,20.98,211.3,178,22.42,46768,37.7,0.625,High,Rocket,Very High,7.2,50.4,164552,Ballistic,5,18,Fog,11.6,20.9,39.6,74,S,AWACS,496,0.984,225.1,143,,No,Low,Medium,Ballistic Missile
724,Ballistic Missile,2406.1,900.2,11.66773,95.72399,70,7.4,-23.8,108,23.9,-2.38,13.3,78.4,286,13.72,-40255,15.7,0.286,Very High,Rocket,Very High,11.1,38.7,144221,Ballistic,8,19,Storm,25.2,5.5,37,72,X,IRST,123,0.564,546.3,38,Moderate,No,High,Low,Ballistic Missile
725,Helicopter,75,18563.6,-54.33064,131.9561,318,-4.8,-31.4,209,46.7,12.56,18.22,101.9,210,9.08,-6317,24.8,0.981,High,Turboshaft,Medium,38.1,10,132091,Hover,5,24,Clear,14.6,4.2,-17.8,38,L,IRST,21,0.963,247.4,78,,Yes,Medium,High,Helicopter
726,Ballistic Missile,4640.7,20120.2,53.13467,141.66127,177,16.9,4.4,196,-23.9,-2.65,28.78,301.6,25,41.5,21968,12.5,0.312,Very High,Rocket,Very High,23.6,6.3,136673,Ballistic,6,16,Rain,11.3,24.6,-13.2,57,L,Ground Radar,368,0.517,461.1,29,,Yes,Medium,Low,Ballistic Missile
727,Transport Aircraft,180.2,47020.4,-35.31405,-59.78687,359,-1.2,-21.4,231,-21.7,17.21,20.7,256.3,181,42.94,7292,9.8,0.693,Low,Turbofan,High,18,19.4,2823,Cruise,8,14,Clear,18.6,3.4,19.3,42,L,AWACS,410,0.743,592.8,67,Strong,No,Low,Low,Transport Aircraft
728,Hypersonic Missile,2511.9,10326.7,25.50389,142.44655,196,13.4,7.4,132,-3.9,5.23,17.65,323.1,317,4.29,-26192,9.8,0.121,Medium,Scramjet,Very High,11.3,19.2,163413,Glide,6,11,Clear,18.2,6.9,0.1,12,C,IRST,476,0.839,476.6,81,Strong,Yes,Medium,Medium,Hypersonic Missile
729,Helicopter,44.4,35176.7,-40.02021,91.44064,331,-4.7,-54.3,354,15.9,3.67,13.89,116.9,198,26.63,12379,24.3,0.68,Very High,Turboshaft,Medium,30.2,31.3,79500,Hover,9,15,Rain,20.3,21.6,-18.4,39,L,AESA,373,0.664,307.6,132,Weak,No,High,Low,Helicopter
730,Cruise Missile,186.4,27400.7,55.52002,-107.08968,207,-9.1,-54.1,6,-22.3,17.82,24.89,304.4,184,12.96,12024,36.3,0.746,Medium,Turbojet,Medium,42.1,7.6,34777,Terrain Following,8,20,Storm,19.3,6.2,10.5,11,S,AESA,297,0.789,72.7,177,Moderate,No,High,High,Cruise Missile
731,Fighter,275.5,30775.8,-25.42755,3.41484,219,-13.4,-13.8,255,48.2,5.09,6.65,273.2,219,49.38,-17780,38.5,0.847,High,Jet,High,45.7,33.7,142428,Combat,6,12,Rain,7.3,7.3,44.8,68,C,AWACS,328,0.506,135.4,181,Weak,No,Low,Medium,Fighter
732,Transport Aircraft,182.9,32174.8,-8.11965,61.13761,327,-14.3,-20.1,10,-21.7,19.9,19.86,276.1,187,9.29,33381,9.5,0.872,Low,Turbofan,High,8.2,8.7,183398,Cruise,2,23,Storm,17,11.8,-12.3,65,C,AESA,286,0.778,227.3,165,,No,Low,High,Transport Aircraft
733,Ballistic Missile,6776.6,14927.5,-56.48238,42.8447,1,11.8,-25.5,256,-3.6,18.35,2.67,37.7,268,0.08,-20321,33.2,0.908,High,Rocket,Very High,46.8,41.3,125088,Ballistic,2,5,Storm,25.9,17.1,-13.3,74,C,AWACS,179,0.686,453.8,37,,No,High,Medium,Ballistic Missile
734,Fighter,414.8,11060.4,25.88766,102.56545,7,-10.5,-22.3,349,-30.9,-2.72,29.7,12,332,3.32,-21061,19.4,0.294,High,Jet,High,20.2,26.4,191468,Combat,4,3,Rain,13.9,6.2,-16.2,86,L,AESA,280,0.771,579.9,69,Weak,Yes,High,Low,Fighter
735,Fighter,661.9,12611.3,-34.93496,-49.03183,276,5.3,-51.8,317,40.9,6.82,8.86,266.4,117,26.51,-4880,30.4,0.349,Low,Jet,High,22.8,1.7,176399,Combat,7,3,Rain,10,22.1,38.2,90,L,IRST,89,0.518,255.4,140,Moderate,No,Low,Low,Fighter
736,Helicopter,83.5,35848.7,-2.77954,64.21587,159,13.1,18.1,215,42.7,9.47,12.11,31.8,181,24.58,18921,18.7,0.29,Low,Turboshaft,Medium,34,21.3,144760,Hover,7,20,Fog,18.9,24.9,21.6,87,L,AESA,219,0.975,99.4,162,Moderate,No,Medium,High,Helicopter
737,Cruise Missile,194.3,15610.6,2.23546,-120.75872,55,-5,-49.8,176,10.9,7.64,19.35,215.5,57,3.2,-49366,29.3,0.6,High,Turbojet,Medium,22.7,45.3,107986,Terrain Following,10,7,Rain,2.8,6.5,42.2,90,C,Ground Radar,106,0.692,133,77,Weak,No,High,Medium,Cruise Missile
738,UAV,24.7,21818.7,-6.19133,28.64139,343,-2.1,5.4,307,-25.2,2.67,7.65,203.1,232,24.94,-13343,31.4,0.405,Very High,Electric,Low,37.3,8.8,17215,Loiter,7,8,Clear,29.4,1.8,2.9,72,L,Ground Radar,53,0.703,542.3,5,Strong,Yes,Low,Medium,UAV
739,UAV,20.7,30729.7,-6.89127,91.70654,152,19.9,28.8,168,-41.4,13.39,4.14,84.9,51,15.41,13395,38.6,0.128,Medium,Electric,Low,35.3,33.4,18246,Loiter,3,23,Fog,7.8,4.7,-2.5,27,X,Ground Radar,133,0.949,431.9,169,Strong,Yes,Low,Low,UAV
740,Cruise Missile,180.6,738.4,-23.46704,9.96921,256,7.4,-49.1,356,43.7,17.47,12.42,175.4,305,19.09,-25318,32.5,0.99,Very High,Turbojet,Medium,2.2,11.5,186588,Terrain Following,5,10,Fog,11.4,8.3,-3.4,59,C,AESA,369,0.951,194.1,155,,No,Low,High,Cruise Missile
741,Cruise Missile,237.1,10841.2,-10.30579,-3.89336,184,-16.2,-32.9,324,24.8,16.62,4.98,164.3,100,37.95,-11945,13.2,0.088,High,Turbojet,Medium,23.9,41.3,103912,Terrain Following,2,22,Storm,12.8,17.1,10.4,99,C,IRST,434,0.696,237.4,58,Moderate,Yes,Low,Medium,Cruise Missile
742,Cruise Missile,269.1,42108.6,-0.41305,-143.05289,100,12.4,-56.5,135,31.4,5.89,2.75,212,3,4.71,36843,11.4,0.277,High,Turbojet,Medium,2.7,52,106769,Terrain Following,5,28,Storm,15.7,24.5,36.1,94,L,Ground Radar,240,0.578,389.3,198,Strong,Yes,High,Low,Cruise Missile
743,Ballistic Missile,5540.6,24519.1,-57.97591,20.13929,321,-16.3,-4.5,15,-0.4,-0.26,8.07,96.8,106,47.84,-24887,26.9,0.441,Very High,Rocket,Very High,43,23.7,197317,Ballistic,1,12,Clear,19.4,11.1,21.2,36,X,AESA,483,0.748,170.1,160,,No,Low,Low,Ballistic Missile
744,Helicopter,74.5,38002.1,-45.74313,51.5219,157,-4.2,-0.5,133,8.3,1.71,9.87,152,21,27.56,-28026,24,0.827,Low,Turboshaft,Medium,49.2,24.9,1385,Hover,4,12,Rain,12.8,14.9,12.4,86,C,AWACS,140,0.799,257.9,65,Moderate,Yes,Medium,Low,Helicopter
745,Cruise Missile,201.5,19224.7,27.42902,-145.89868,346,-11.8,-18.8,16,25.6,-1.67,19.67,157.6,36,31.9,6446,36.8,0.09,Medium,Turbojet,Medium,15.7,49.3,125664,Terrain Following,9,26,Rain,18.4,9.2,-10.3,91,S,AWACS,430,0.722,502.8,82,Strong,Yes,Medium,High,Cruise Missile
746,Transport Aircraft,210.4,13537.3,36.71648,-126.79959,127,1.7,38.3,187,-43.5,6.42,18.65,61.3,5,3.68,-40554,31.7,0.982,Very High,Turbofan,High,38.6,16.3,19766,Cruise,10,22,Rain,18.9,7.6,-0.6,26,L,Ground Radar,157,0.858,89.9,30,Weak,No,High,Medium,Transport Aircraft
747,Fighter,566.8,14350.8,51.60545,157.01445,269,6.5,45.1,143,-18.4,15.11,0.43,226.8,66,0.87,-32228,38.9,0.521,Low,Jet,High,37.3,23.4,17268,Combat,2,21,Storm,3.2,19.3,33.5,50,X,AESA,197,0.992,326.7,79,Weak,Yes,High,High,Fighter
748,Transport Aircraft,195.9,26455.1,-19.43017,-32.44244,30,-4.3,-59.3,57,30.2,2.48,14.68,298.4,75,35.08,-21201,10.7,0.071,Low,Turbofan,High,27.8,15.4,163803,Cruise,6,30,Clear,2.1,5.8,43.1,14,S,AESA,275,0.787,560.6,138,,Yes,Medium,Low,Transport Aircraft
749,Ballistic Missile,3693.6,10337.2,26.95602,69.14214,43,-10.6,8.2,276,19.5,1.75,7.56,22.1,104,4.06,-42990,21.1,0.935,Medium,Rocket,Very High,45.3,0.5,29263,Ballistic,10,2,Storm,29.4,24,-17,77,S,IRST,145,0.905,476.2,131,Moderate,Yes,High,Low,Ballistic Missile
750,UAV,29.5,8116.1,-55.01142,-28.23487,114,3.8,41.8,284,20.4,-2.4,21.89,58.6,288,31.53,-30339,25.9,0.709,Low,Electric,Low,17.9,23.3,24892,Loiter,6,28,Rain,18,19.5,33.5,77,X,IRST,116,0.925,258.1,152,Weak,Yes,Medium,Medium,UAV
751,Transport Aircraft,208.5,19284.8,28.06751,-73.66046,194,16.7,9.8,16,30,8.95,24.34,203.1,62,7.53,20458,29.9,0.92,High,Turbofan,High,26.6,39.9,151463,Cruise,10,23,Rain,24.5,21.2,-14.5,98,L,AWACS,59,0.841,223.9,118,Weak,Yes,High,Low,Transport Aircraft
752,Fighter,218.1,38897.6,-34.47965,118.25403,165,-4.5,-7.7,129,-25.1,12.83,19.21,60.6,255,21.06,-3636,37.1,0.101,Medium,Jet,High,44.4,33.3,192527,Combat,2,19,Rain,15.8,16.1,40,25,C,Ground Radar,424,0.937,310.2,24,Moderate,Yes,Low,High,Fighter
753,Cruise Missile,261.3,12171.8,3.95593,179.56119,15,-17.9,19.4,157,-22.2,0.75,20.67,156.7,203,11.68,-40326,5.1,0.314,High,Turbojet,Medium,35.5,55.8,75844,Terrain Following,3,21,Clear,28.1,4.3,36.8,20,L,IRST,400,0.88,402.9,44,Weak,Yes,Medium,Low,Cruise Missile
754,Transport Aircraft,259.9,32163.7,44.77817,-21.73079,119,12.6,39.2,125,-18.4,16.12,3.14,90.4,21,14.9,-45017,36.6,0.154,Medium,Turbofan,High,32.3,42.4,21859,Cruise,3,12,Fog,25.8,4,1.4,38,S,Ground Radar,432,0.772,93.5,62,,Yes,Low,Medium,Transport Aircraft
755,UAV,41,43615.5,-9.62332,79.90806,39,15.4,37.5,146,-42.5,-2.72,22.82,112,249,16.8,-21143,38.4,0.779,Low,Electric,Low,9.6,54,57621,Loiter,3,13,Storm,18.3,22.3,-2.4,43,X,Ground Radar,411,0.767,168.7,86,,No,Medium,Low,UAV
756,Cruise Missile,213.4,38406.2,-1.4005,-57.65052,198,-15.7,-37.4,264,49.2,-3.08,3,31,352,41.88,3875,23.9,0.385,High,Turbojet,Medium,2.1,16.3,44709,Terrain Following,2,29,Fog,19.7,18.1,-14.8,85,X,Ground Radar,349,0.571,198.4,92,Moderate,Yes,Low,High,Cruise Missile
757,Fighter,525.9,17993.3,45.03044,48.96572,228,3,0.4,81,36.2,9.22,11.7,142.7,211,18.97,46907,26.9,0.867,Medium,Jet,High,4.3,9,111844,Combat,4,3,Storm,24.6,11.7,16.4,31,C,AWACS,326,0.902,285.6,161,Strong,No,High,Low,Fighter
758,Ballistic Missile,3127.1,49914.8,-46.49719,-5.68477,269,11.2,42.9,85,-21.1,13.16,8.81,346.7,222,48.95,16336,25,0.469,High,Rocket,Very High,12,41.7,27720,Ballistic,8,7,Storm,22.1,1,-5.8,31,X,AESA,5,0.734,580.8,17,Moderate,No,Low,High,Ballistic Missile
759,Hypersonic Missile,3077.5,18947,28.54116,-64.33403,91,-6.4,24.8,50,15.5,0.54,9.96,314,12,29.07,-3593,29.4,0.965,Medium,Scramjet,Very High,35.8,23.6,172368,Glide,3,19,Rain,17.1,10.6,18.5,60,C,IRST,10,0.898,96.1,67,Weak,Yes,Medium,High,Hypersonic Missile
760,Fighter,239.8,46722,-39.09223,-24.25614,236,-16.9,30.8,299,15.5,7.49,6.9,251.1,239,48.43,-17810,35.4,0.761,Medium,Jet,High,12.3,25,39323,Combat,7,30,Clear,17.1,16.6,-18.6,25,S,Ground Radar,400,0.564,553.3,36,Moderate,Yes,High,High,Fighter
761,Hypersonic Missile,2410.6,11158.6,-25.35448,31.7689,106,-2.6,3,34,-7.8,6.97,23.35,124.7,342,32.32,-225,7.8,0.706,High,Scramjet,Very High,31.3,50.6,139609,Glide,10,26,Rain,4.4,23.3,-0.9,31,X,Ground Radar,383,0.717,143.8,100,,Yes,High,Medium,Hypersonic Missile
762,Ballistic Missile,3841.6,49397.1,20.66394,72.5507,289,10.3,21.6,171,39,5.61,22.15,136.3,79,4.18,-31538,27.7,0.443,High,Rocket,Very High,4.8,56.4,127881,Ballistic,3,25,Clear,19.8,1.8,44.2,64,C,Ground Radar,304,0.904,303.1,14,Moderate,Yes,Low,High,Ballistic Missile
763,Cruise Missile,268.4,6617.4,-41.19281,53.21712,326,-2.1,-27.2,246,-38.2,7.37,25.66,305.7,264,12.04,-19287,17.3,0.974,Low,Turbojet,Medium,36.3,9.7,91892,Terrain Following,9,30,Storm,11.5,17.2,24.3,92,X,AESA,191,0.798,599.2,159,Strong,Yes,Medium,Medium,Cruise Missile
764,Ballistic Missile,3177,17520.9,10.35687,41.06988,142,4.6,13.8,187,-28.3,-0.81,24.73,149.3,180,44.83,36747,8,0.344,Medium,Rocket,Very High,32.3,44.4,59858,Ballistic,10,20,Storm,21.9,15.3,33.2,47,C,AWACS,498,0.908,161.6,108,Strong,Yes,High,High,Ballistic Missile
765,UAV,53.1,289.5,-7.29558,104.40924,13,4,-33.3,113,-35,13.07,27.61,208.9,248,3.68,1440,12.7,0.171,High,Electric,Low,40.5,41,183035,Loiter,8,28,Storm,17.9,2.8,23.5,94,C,AESA,116,0.569,237.1,44,Strong,No,Low,Low,UAV
766,UAV,75.8,43225.4,49.25106,115.45759,9,11.9,-50.8,291,26.8,12.85,28.4,68.6,266,23.24,39217,35,0.424,Very High,Electric,Low,46.9,10.2,121081,Loiter,4,29,Rain,19.9,8.4,2,80,L,IRST,143,0.543,221.3,9,,Yes,Low,Medium,UAV
767,UAV,36.4,18957.4,-38.635,92.5548,228,10.6,-8.7,182,37.8,-3.08,11.56,334.2,311,45.83,-44206,14.8,0.264,Low,Electric,Low,32.5,59.8,142061,Loiter,3,24,Clear,19.8,8.4,16.7,51,C,IRST,226,0.571,551.8,182,Moderate,Yes,Medium,Medium,UAV
768,Cruise Missile,262.5,2454.5,-15.19606,16.12791,268,-17.6,-34.8,258,-46,6.93,26.75,301.2,285,9.01,16806,14.5,0.566,Medium,Turbojet,Medium,12.2,29.6,25837,Terrain Following,3,6,Fog,29.3,22.2,-3.4,94,X,AESA,127,0.645,143,197,Strong,No,Low,Low,Cruise Missile
769,Ballistic Missile,6016.1,48773.8,-55.28385,118.48625,182,1.8,40.9,132,20.3,14.61,9.11,36.1,184,13.52,21028,34,0.846,Very High,Rocket,Very High,47.5,49.4,40337,Ballistic,9,19,Clear,29.5,4.1,37.7,23,C,IRST,380,0.71,291.9,38,Moderate,No,Medium,Medium,Ballistic Missile
770,Cruise Missile,198.1,27295.4,-26.0717,116.02906,11,14.9,-23.9,291,31,12.92,29.12,121.3,43,44.11,-31785,14.7,0.213,Low,Turbojet,Medium,23.4,17.3,36554,Terrain Following,1,9,Storm,1.6,4,-11,30,L,Ground Radar,403,0.774,330.2,96,Weak,Yes,Low,Medium,Cruise Missile
771,Ballistic Missile,6524.7,7092,33.16399,0.0153,301,5.4,-44.1,188,-23.7,2.86,0.3,295.7,334,37.05,11887,29.1,0.751,High,Rocket,Very High,24.9,36,55628,Ballistic,10,21,Clear,4.4,21.9,-16.7,48,L,AWACS,93,0.619,570.8,191,Moderate,No,Medium,Medium,Ballistic Missile
772,UAV,61.5,19200.7,7.94889,-106.23513,84,-19.2,-23,133,-44.7,-3.19,4.72,292,48,36.16,44533,14.8,0.512,High,Electric,Low,11.2,43.5,74671,Loiter,7,17,Fog,15.3,13.2,20.8,46,S,AESA,472,0.842,127.8,114,Strong,Yes,High,Low,UAV
773,Helicopter,87.1,24387.8,53.15968,10.3712,202,19.5,58.6,299,-43.7,-2.41,26.66,192.8,333,42.78,-27805,28,0.212,Medium,Turboshaft,Medium,36.6,18.1,190268,Hover,8,10,Clear,7.6,2.4,9,70,C,IRST,478,0.764,179.2,185,,Yes,Medium,Medium,Helicopter
774,Fighter,631.8,7229.5,58.93424,169.75322,92,-10.7,-59.2,144,2.2,7.57,13.82,81.8,28,38.92,-46606,9.5,0.464,Medium,Jet,High,46.7,16.2,72294,Combat,3,18,Rain,10.2,7.5,13.3,14,X,AESA,455,0.739,76.6,161,,Yes,High,Medium,Fighter
775,Fighter,218.8,41546,22.17258,0.34227,71,5.9,-26.8,51,17,0.43,1.68,29.9,95,29.96,12469,38.6,0.64,Medium,Jet,High,15.7,19.4,24689,Combat,7,8,Storm,11.1,12.6,13.2,65,S,Ground Radar,431,0.518,357.7,76,Weak,No,Low,High,Fighter
776,Ballistic Missile,4888,41672.7,20.96086,-104.86887,282,2,35.6,90,-43.7,-0.19,17.26,173.9,43,24.75,48311,23,0.67,Medium,Rocket,Very High,31.3,42.9,119280,Ballistic,5,27,Clear,14,14.8,-9.2,52,S,AWACS,500,0.595,440.5,155,Moderate,No,Medium,High,Ballistic Missile
777,Cruise Missile,264.1,45942.6,-13.25159,-100.62451,57,-2.5,31.6,134,-0.9,9.09,10.32,68.5,156,9.3,-7426,13.3,0.031,High,Turbojet,Medium,5.5,23.8,54232,Terrain Following,1,26,Storm,13.9,21.5,-8.7,35,X,Ground Radar,117,0.758,553.1,126,Strong,No,High,Medium,Cruise Missile
778,Ballistic Missile,5758.6,49174.8,20.9747,-93.84375,106,16.8,30.2,278,-28.5,14.93,17.02,217.4,232,43.62,-17149,16.8,0.961,Very High,Rocket,Very High,9.1,19,3464,Ballistic,5,3,Rain,22.4,19.9,32.8,46,X,Ground Radar,148,0.514,573.2,34,Moderate,No,Medium,Medium,Ballistic Missile
779,Ballistic Missile,3883.7,9552.9,11.6541,-42.43336,280,9.8,54.4,185,-10.9,0.5,13.66,129.5,265,1.98,27986,20.8,0.452,Very High,Rocket,Very High,2.5,53.1,13380,Ballistic,6,13,Fog,20.8,10.2,13.2,78,L,AWACS,10,0.773,72.7,2,,No,High,High,Ballistic Missile
780,Hypersonic Missile,2910.9,18840.2,6.80148,21.51193,317,5.8,-37.8,64,20.8,2.08,25.37,354.4,234,21.16,-11080,19,0.004,High,Scramjet,Very High,39.8,19.7,121677,Glide,2,11,Rain,19.7,24.5,-11.6,47,L,AWACS,27,0.923,578,25,,Yes,High,Low,Hypersonic Missile
781,Hypersonic Missile,2775.4,6543.9,-6.96217,98.02936,121,12.4,-35.5,297,12.2,0.17,17.98,199.3,181,4.35,-4014,33.9,0.951,Very High,Scramjet,Very High,18.5,20.2,14686,Glide,8,29,Clear,18.8,8.1,41,17,C,AWACS,162,0.545,252.8,117,Moderate,Yes,High,High,Hypersonic Missile
782,Hypersonic Missile,2203.3,12739.4,-24.24818,96.86466,28,-10.9,-33.3,62,-43.1,1.6,1.29,16.8,105,38.07,-17268,30.1,0.058,High,Scramjet,Very High,38.3,53.7,115172,Glide,10,14,Storm,27.3,15,0,10,S,AWACS,457,0.629,41.9,20,Moderate,Yes,Low,High,Hypersonic Missile
783,Transport Aircraft,221.6,8250.2,45.67841,137.75874,61,4.8,5.5,214,2.6,7.9,17.83,101.4,112,48.57,23125,34.3,0.007,Very High,Turbofan,High,26,10.4,29243,Cruise,10,13,Storm,25.6,5.8,-7,66,C,AWACS,38,0.917,230.8,39,Weak,Yes,High,Medium,Transport Aircraft
784,Cruise Missile,205.5,20334.5,-28.02286,127.05282,349,-1.1,-17,354,22.5,9.39,10.9,18.9,334,15.45,-44989,39.7,0.534,Very High,Turbojet,Medium,31.1,41.7,14893,Terrain Following,3,11,Rain,5.5,8.5,39.5,80,C,IRST,314,0.955,295.3,188,,No,High,High,Cruise Missile
785,Transport Aircraft,252.7,642.5,38.91728,-42.97403,277,-5.1,-22.5,257,17.6,-3.24,18.82,46.9,145,40.52,-5378,18.3,0.622,Medium,Turbofan,High,22.7,0.1,84343,Cruise,2,12,Clear,19.8,15.4,38.9,42,S,Ground Radar,326,0.741,573.7,27,Strong,Yes,Low,High,Transport Aircraft
786,UAV,64.5,49546.9,-41.22578,-44.69554,313,7.7,26.4,178,-48.2,-4.89,11.94,49.9,52,7.85,24577,5.3,0.563,Very High,Electric,Low,32.9,32.8,83104,Loiter,10,19,Clear,10.4,18.6,42.6,18,S,AWACS,8,0.83,104.7,198,Strong,Yes,High,Medium,UAV
787,Hypersonic Missile,2507.9,20611.5,-30.5122,-55.67446,93,15.3,-9.7,333,-28.9,9.86,13.81,364.8,290,48.31,24932,13.3,0.376,High,Scramjet,Very High,31,39.2,44092,Glide,9,16,Storm,14.7,12.9,-10.1,70,C,IRST,63,0.659,287.3,53,Weak,No,Medium,Low,Hypersonic Missile
788,Transport Aircraft,239.8,28242.6,-34.04892,-30.14191,301,17.6,-11.6,182,28,15.58,29.94,348.1,124,48.17,-46604,17.7,0.524,Low,Turbofan,High,6.8,16.8,118875,Cruise,9,17,Fog,28,2.1,8.2,34,X,IRST,202,0.928,205.4,160,Strong,Yes,High,High,Transport Aircraft
789,Transport Aircraft,221.9,45332.2,-4.91169,-152.93883,359,-16.7,-21.1,233,-25.5,5.19,5.39,390.8,336,27.9,34147,19.1,0.89,Very High,Turbofan,High,31.8,47.7,180196,Cruise,9,26,Clear,10,9.1,37.7,24,C,AESA,182,0.861,593.2,68,Moderate,No,Low,High,Transport Aircraft
790,UAV,30.7,24032.1,26.81737,-160.19083,216,12.6,16.1,86,-34.7,15.17,5.58,328.3,29,21.49,19397,23.6,0.29,Low,Electric,Low,15.8,2.2,193056,Loiter,8,26,Rain,27.6,1.1,31.1,44,S,AESA,304,0.73,160.3,98,Weak,Yes,High,Medium,UAV
791,Hypersonic Missile,2360.7,14976.1,-9.88429,101.36026,5,-18,-13.1,110,-27.7,-2.93,24.15,192.6,56,41.96,-48521,15.9,0.825,High,Scramjet,Very High,6.7,53.4,77793,Glide,7,5,Clear,17.9,0.8,42.6,46,L,AWACS,209,0.8,334.2,149,Strong,Yes,Medium,Low,Hypersonic Missile
792,UAV,73,13263.3,-43.41379,50.73675,277,-16.1,11.7,6,-9.2,15.03,24.22,95.9,246,10.43,-36747,26.9,0.552,Low,Electric,Low,16.5,1.1,35712,Loiter,4,3,Rain,26.7,21.7,37.9,39,C,Ground Radar,16,0.762,454,90,Moderate,No,High,High,UAV
793,Helicopter,59.9,47796.6,14.25431,-84.56132,97,-9.1,51.9,297,-42.3,14.47,11.48,318.7,171,7.84,-9883,38,0.925,Very High,Turboshaft,Medium,18.2,18.4,172729,Hover,6,26,Storm,7.7,4.9,25.7,22,S,IRST,185,0.503,410.6,97,Weak,Yes,Medium,Low,Helicopter
794,UAV,53.2,41100.4,26.85815,112.08918,213,9.1,44.5,122,-5.4,6.87,29.82,132.7,255,49.21,44702,28,0.587,Low,Electric,Low,29.4,57.1,118279,Loiter,7,17,Fog,27.1,14,15.5,54,S,IRST,341,0.57,232.8,93,,Yes,Low,High,UAV
795,Fighter,182.9,21792.7,-19.08914,0.58835,264,-8.3,59.9,231,30.2,-1.82,0.62,214.7,70,7.95,-16050,25.3,0.17,Low,Jet,High,20.2,49.3,92018,Combat,7,18,Rain,15,9.6,-9,24,C,Ground Radar,466,0.769,37.6,177,Weak,Yes,Low,Low,Fighter
796,UAV,39.8,24088.3,-11.86134,-117.15942,282,12.7,-0.1,61,19.6,5.86,22.05,11.7,91,30.34,-3971,35.6,0.2,Very High,Electric,Low,46.5,5.2,1233,Loiter,1,2,Fog,8.2,24.2,-0.1,41,L,AESA,88,0.719,83.6,103,,No,High,Low,UAV
797,Helicopter,46.6,41966.8,-43.04996,52.02002,129,-5.4,-56.3,280,39.7,11.97,7.31,334.5,70,22.52,-41981,35.4,0.153,High,Turboshaft,Medium,27.6,30.3,191024,Hover,5,8,Clear,7.4,24.7,36.7,26,S,IRST,228,0.977,104,154,,No,Low,Low,Helicopter
798,Transport Aircraft,247,46993,-4.62098,-54.7219,89,-9.5,1.5,318,-6,2.96,25.57,2,101,18.72,32166,18.5,0.699,Medium,Turbofan,High,5.9,44.3,8469,Cruise,10,25,Storm,19.5,1.2,3.6,84,X,Ground Radar,491,0.895,33.6,91,,Yes,High,High,Transport Aircraft
799,Ballistic Missile,3301,34256.8,19.99027,107.53113,353,9.2,-20.9,50,-22.4,5.36,27.28,307.8,136,9.57,13863,34.4,0.05,Very High,Rocket,Very High,40.6,28.5,29571,Ballistic,6,3,Rain,6.2,17.5,-12.3,26,C,IRST,169,0.724,8.2,98,,No,Low,High,Ballistic Missile
800,UAV,21.3,41084.6,43.63381,60.59655,178,17,59.8,309,-1.8,8.14,1.39,286.1,90,5.52,-31407,21.4,0.977,Low,Electric,Low,7.3,33,49279,Loiter,4,3,Clear,9,3,21.2,68,X,AESA,235,0.626,75.4,26,Strong,No,High,High,UAV
801,Hypersonic Missile,2671.9,16588.6,-42.8746,-69.26256,307,-14.2,40.5,21,-1,4.78,19.9,144.6,205,35.41,31710,18.7,0.334,Very High,Scramjet,Very High,16.1,27.2,151927,Glide,9,26,Storm,25.7,9,25.9,42,C,IRST,103,0.641,93.1,46,Moderate,Yes,Medium,High,Hypersonic Missile
802,Transport Aircraft,256.6,21213.3,29.5575,133.75854,240,-11.5,3.4,21,32,1.79,4.92,82.5,257,19.24,26964,8.1,0.939,Low,Turbofan,High,14.5,45.5,41249,Cruise,8,9,Fog,21.6,1.6,21.8,80,S,Ground Radar,226,0.855,346.1,151,Moderate,No,Low,Medium,Transport Aircraft
803,Cruise Missile,231.5,11822.7,21.97893,-28.49908,25,14.2,-35.8,318,-45,6.49,8.15,397.5,274,5.56,-41118,32.3,0.214,Low,Turbojet,Medium,13,27.1,167300,Terrain Following,9,21,Fog,8.3,20.2,41,82,S,IRST,265,0.504,67.6,57,Strong,Yes,Medium,Low,Cruise Missile
804,Fighter,503.2,30889.9,-56.51832,-99.52372,287,-9.9,-54.2,202,-40,9.01,26.73,216,111,24.3,-4077,14.3,0.345,High,Jet,High,13.4,52.5,32636,Combat,6,4,Storm,12.2,1.9,25.7,10,L,AESA,345,0.623,418.8,68,Strong,No,High,Medium,Fighter
805,Cruise Missile,185.5,4608.9,34.92365,67.4425,344,-6.6,-15.9,195,-6.6,-3.62,19.37,294.4,230,21.39,-29669,16.9,0.723,Medium,Turbojet,Medium,20.8,39.8,120170,Terrain Following,2,26,Clear,3.9,3.5,34.3,21,X,AWACS,45,0.886,345,161,Weak,Yes,Low,Medium,Cruise Missile
806,UAV,77.5,47997.6,43.7716,-166.00151,352,18.1,-39.1,113,7.7,12.44,18.8,14.4,99,38.57,-43619,8,0.847,Medium,Electric,Low,37.1,30.8,52351,Loiter,8,27,Storm,7.3,18.8,-2.6,24,S,AWACS,105,0.59,406.4,33,,No,High,High,UAV
807,Ballistic Missile,2650.2,38981,37.88559,41.70675,160,-6.5,-32.1,115,-29.9,5.96,25.16,53.2,271,8.05,45058,12.8,0.669,Medium,Rocket,Very High,17.6,6.1,129471,Ballistic,9,11,Fog,5.5,22.7,10.2,72,X,AESA,399,0.951,186.4,139,Moderate,No,Medium,Low,Ballistic Missile
808,Cruise Missile,276.2,31066.2,-44.66392,32.62722,98,10.4,-10.7,129,-37,16.36,28.88,149,202,0.72,1922,17.8,0.959,Low,Turbojet,Medium,38.9,1.7,128807,Terrain Following,1,5,Storm,20.9,16.8,-4,18,L,Ground Radar,40,0.736,159.3,167,Strong,Yes,High,Medium,Cruise Missile
809,Ballistic Missile,4219.1,15942.2,48.27942,-176.07471,126,-1.2,-16.5,231,-34.1,18.4,15.84,54.3,125,20.91,-13274,8.2,0.426,Low,Rocket,Very High,10.2,47.3,78764,Ballistic,1,5,Fog,3.9,10.3,6.4,73,L,AWACS,215,0.659,306.3,3,Moderate,Yes,High,Medium,Ballistic Missile
810,Cruise Missile,264.8,10725.8,-58.71887,-127.85062,17,-12.3,-14.1,159,-22.7,1.64,15.26,317.8,153,27.8,-41061,7.1,0.478,Very High,Turbojet,Medium,9,44.5,11056,Terrain Following,3,27,Rain,21.6,19.4,34.9,20,S,IRST,272,0.569,532,104,,No,Medium,High,Cruise Missile
811,Fighter,628.5,14928.7,23.49632,14.66906,229,-10.8,-23.7,110,1.1,6.75,26.68,97.7,1,8.73,-47912,27.1,0.737,Low,Jet,High,5.6,58.7,35933,Combat,6,3,Storm,28.2,12.8,18.8,39,L,Ground Radar,254,0.659,593.8,99,Weak,No,Low,High,Fighter
812,Helicopter,54.5,22435.6,-17.00495,-22.20036,106,-8.5,18.3,53,5.8,-1.2,3.08,140,295,39.66,15033,23.2,0.7,Very High,Turboshaft,Medium,33.1,15.5,34303,Hover,5,28,Rain,4.9,16.7,0.3,81,C,Ground Radar,195,0.757,484.3,111,,Yes,Low,Low,Helicopter
813,Transport Aircraft,226.1,3002.4,-59.34145,-127.89049,300,16.9,-7.4,6,44,-2.69,14.64,99.3,314,36.43,-29134,20.8,0.765,Low,Turbofan,High,18.9,45.5,9791,Cruise,10,5,Fog,3.8,19.6,-16.9,98,L,Ground Radar,380,0.757,393.6,119,Moderate,Yes,Medium,Medium,Transport Aircraft
814,Transport Aircraft,223.2,47751.4,-27.02946,-33.85877,344,13.7,-58.6,307,-28.3,11.15,1.78,111.3,81,39.33,24836,18.9,0.266,High,Turbofan,High,7.2,5.1,7984,Cruise,8,17,Storm,4.7,5.5,-19.7,32,L,AESA,25,0.621,333.2,107,Weak,Yes,Low,Medium,Transport Aircraft
815,Cruise Missile,251.1,23881.4,-39.59917,83.08352,1,-10,3.4,163,27.3,15.46,28.68,342.4,12,45.91,-29394,23.1,0.513,Very High,Turbojet,Medium,12.8,20.5,60704,Terrain Following,4,24,Clear,7.1,3.2,-17,93,X,AWACS,165,0.768,409.9,88,Weak,Yes,Low,High,Cruise Missile
816,Hypersonic Missile,2933.7,6108.2,36.59522,60.46846,185,-6.8,-12.9,37,-25.2,14.82,25.07,316.2,164,3.52,8012,20.7,0.515,Medium,Scramjet,Very High,24.6,58.1,133676,Glide,8,21,Rain,5.9,23.4,26.6,96,L,IRST,330,0.69,260.3,33,Strong,No,Medium,High,Hypersonic Missile
817,Ballistic Missile,3695.9,28730.2,27.31144,-25.32215,250,-3.2,33.9,184,45.8,3.75,15.61,119.1,346,19.42,-18673,25.5,0.514,High,Rocket,Very High,36.9,5,58959,Ballistic,8,18,Clear,22.8,19.4,36.5,28,S,Ground Radar,497,0.798,318.8,81,Moderate,Yes,High,Low,Ballistic Missile
818,Transport Aircraft,222.8,16514.8,-29.55917,6.29587,338,2.9,-44,127,-32.8,5.39,17.94,47.1,202,40.69,-11824,19.6,0.945,Low,Turbofan,High,36.4,23,70323,Cruise,1,3,Clear,13.7,12.7,-11.1,24,C,IRST,480,0.984,337.6,158,Strong,No,High,High,Transport Aircraft
819,Transport Aircraft,216.8,6168.5,-45.91337,7.97942,37,-11,-28.8,287,-13.7,4.01,22.32,1.5,151,21.73,-37837,11.3,0.253,Medium,Turbofan,High,2.8,40.8,194437,Cruise,1,6,Storm,15.1,17.8,23.2,53,S,AWACS,335,0.739,307,138,Moderate,Yes,Medium,Medium,Transport Aircraft
820,Fighter,192.7,126.3,24.0277,175.34542,228,-6.5,-4.4,78,-29.7,12.23,0.48,359.3,152,4.69,11961,24.8,0.897,High,Jet,High,9.5,9.4,50948,Combat,6,27,Clear,2.4,7.7,22.3,95,X,Ground Radar,164,0.652,227.8,96,Strong,No,High,High,Fighter
821,UAV,74.8,38383.7,-4.46454,38.6827,79,-19.9,15.5,62,15.2,1.15,5.1,202,347,15.78,-28127,34.2,0.025,Medium,Electric,Low,20.8,12.6,186786,Loiter,3,20,Clear,27.3,2,16.5,77,L,IRST,165,0.828,477.7,5,Strong,No,High,Medium,UAV
822,Fighter,379.2,26998.8,-39.25861,-88.70887,22,10.8,22.1,201,-39.4,5.35,7.05,278.7,279,13.88,-4729,25.3,0.044,Medium,Jet,High,24.3,45.2,95681,Combat,8,5,Clear,8.3,15.1,-15.5,20,L,IRST,298,0.853,450.8,134,Moderate,No,Low,Medium,Fighter
823,UAV,49.6,35036.4,-30.91225,-68.53644,261,-1.9,-59.2,224,-1.1,3.93,9.06,73.7,129,8.1,29572,18.9,0.963,High,Electric,Low,48.1,48.9,43506,Loiter,7,12,Fog,29.1,4.7,33.4,31,S,AESA,322,0.736,562.9,88,Moderate,No,Medium,Low,UAV
824,Transport Aircraft,251.3,26489.8,-20.12867,17.60895,108,0.3,26.7,138,18.1,14.95,19.45,251.1,112,46.53,-14303,28.8,0.373,Medium,Turbofan,High,31.6,41.5,168012,Cruise,1,20,Fog,25.3,21.9,-1.1,10,C,IRST,106,0.744,106.5,118,Moderate,Yes,Medium,Medium,Transport Aircraft
825,Cruise Missile,278.9,22613.8,-45.75619,178.07045,130,-9.7,-42.8,320,-3.5,9.5,2.23,325.1,196,5.54,-17498,23,0.731,Low,Turbojet,Medium,20.6,30.9,97678,Terrain Following,1,7,Rain,7.7,13.3,24.3,15,X,Ground Radar,314,0.865,262.2,175,Weak,Yes,Low,Medium,Cruise Missile
826,Transport Aircraft,219.4,47696.7,-30.03235,32.6831,69,-0.4,7.7,147,33.9,-4.97,21.01,26.5,161,17.06,7551,30.9,0.351,Low,Turbofan,High,26,24.6,132779,Cruise,8,13,Storm,26.9,3.2,-16.4,61,C,IRST,162,0.659,316.1,58,Weak,Yes,Medium,Medium,Transport Aircraft
827,UAV,29.1,28012.6,-50.27903,36.02509,356,-2.9,-59.2,298,-34.3,13.23,15.91,247.9,230,15.21,-34643,6.7,0.304,High,Electric,Low,48.3,34.1,149439,Loiter,9,15,Storm,11.1,21,-2.8,28,C,Ground Radar,371,0.953,209.9,176,,No,Medium,Low,UAV
828,Hypersonic Missile,3160.3,4581.9,-10.33552,51.60801,340,-13.6,-9.1,306,-24.8,-0.48,16.81,50.9,277,19.25,28172,13.1,0.699,Low,Scramjet,Very High,47.3,34.2,140203,Glide,1,12,Clear,25.6,3.6,34.7,33,X,IRST,28,0.813,375.6,44,Strong,No,High,Medium,Hypersonic Missile
829,Helicopter,87.3,34076.8,40.21825,-12.32365,305,3.2,-41.9,263,19.1,0.21,5.46,328.5,253,38.62,29908,17.6,0.258,Medium,Turboshaft,Medium,43.4,37.9,11576,Hover,4,16,Storm,18.2,6.4,30,73,S,AESA,137,0.762,410.4,137,Strong,No,Low,Medium,Helicopter
830,Cruise Missile,268.4,35317.8,24.74713,-168.43575,236,-6,-36.3,123,26.1,5.16,2.99,241.6,134,9.93,7390,5.9,0.08,Very High,Turbojet,Medium,10.3,47.8,64965,Terrain Following,7,3,Clear,18.3,12.4,3.7,99,X,AWACS,64,0.648,374.9,177,Weak,No,Medium,Low,Cruise Missile
831,Cruise Missile,190.3,30663.6,17.79485,-176.59,123,-4.7,-45.5,120,48.2,3.54,6,297,126,0.55,32855,6.6,0.148,High,Turbojet,Medium,42.3,36.6,199794,Terrain Following,6,28,Clear,5.5,19.8,32.1,23,L,Ground Radar,299,0.809,361.2,93,Moderate,Yes,Low,Low,Cruise Missile
832,UAV,59.4,4474.9,-48.98615,-145.26986,98,5.1,-59.2,137,-0.3,-2.45,29.99,346.1,238,25.91,-9294,31,0.149,Medium,Electric,Low,37.3,46.3,72993,Loiter,8,29,Fog,21.3,12.8,37.6,91,S,IRST,285,0.82,369.1,95,,No,High,High,UAV
833,Fighter,692.2,23131.7,-40.75378,147.09108,240,7.9,43.6,332,4.5,18.84,20.46,313.4,77,1.7,10206,20.7,0.8,Medium,Jet,High,35,7.6,56933,Combat,4,3,Clear,4,2.3,23,16,C,IRST,161,0.943,141.6,33,Strong,Yes,High,Low,Fighter
834,Hypersonic Missile,3045.8,42715.8,-2.23974,-109.49807,330,-5.8,43.8,262,38.9,12.43,16.75,70.6,336,47.42,-28742,30.2,0.073,Very High,Scramjet,Very High,21.3,6.3,24526,Glide,4,25,Storm,1.8,8.5,36.8,83,S,AESA,175,0.522,294.2,50,Weak,Yes,Low,High,Hypersonic Missile
835,Cruise Missile,226.2,25330.1,-8.24943,-116.02042,40,-6.5,-46.1,68,-49.5,9.24,16.33,68.7,21,35.24,39852,39.4,0.738,Medium,Turbojet,Medium,48.2,56.3,177142,Terrain Following,1,25,Rain,13,7.5,-17,96,X,AESA,31,0.55,489.7,24,Weak,Yes,Low,Medium,Cruise Missile
836,Cruise Missile,181,41155.1,19.91623,-125.86955,330,-7.8,18.7,343,-10.8,-2.31,2.1,255.1,170,16.19,-10034,32.7,0.159,Very High,Turbojet,Medium,17.3,4.1,106837,Terrain Following,7,15,Clear,9.7,3.9,8.6,79,L,Ground Radar,102,0.983,102.1,55,Strong,No,Low,High,Cruise Missile
837,Cruise Missile,267.5,1366,3.73958,107.34074,8,7.1,-57,124,-2.7,9.54,28.79,257.7,82,41.36,-20100,24.9,0.873,Low,Turbojet,Medium,36.9,25.2,178733,Terrain Following,1,7,Storm,24.9,13.9,33.7,56,C,Ground Radar,223,0.823,38.9,2,,Yes,Low,Medium,Cruise Missile
838,Helicopter,83.3,38913,-9.20135,-161.48179,17,-12.6,44.6,109,36.6,-0.87,24.14,176.8,266,43.65,41316,20.4,0.735,Medium,Turboshaft,Medium,21.9,44.8,160926,Hover,3,26,Storm,2.3,17.3,23.7,18,S,AWACS,482,0.528,407.3,5,,Yes,Medium,Low,Helicopter
839,UAV,66.2,25487.4,-16.63538,-50.86016,329,-9.3,-15.9,322,38.4,15.84,3.77,49,45,2.36,-8977,17.7,0.657,High,Electric,Low,39.6,25.6,123174,Loiter,3,8,Storm,26.4,0.9,-3,36,S,Ground Radar,463,0.623,541.5,96,,Yes,High,High,UAV
840,Helicopter,78.4,18629.2,12.6687,-99.95363,133,9.4,46.6,66,-4.8,3.46,24.98,123,257,49.58,-1089,38.2,0.915,Low,Turboshaft,Medium,12,32.5,29789,Hover,2,16,Fog,24.7,21.3,-3.2,36,C,AESA,197,0.829,461.5,60,Weak,Yes,High,High,Helicopter
841,UAV,37.4,36.3,10.6834,71.31228,310,1,40.5,85,47.9,-4.77,23.51,234.7,181,9.94,36578,29.9,0.071,High,Electric,Low,28.4,32.4,76847,Loiter,4,18,Fog,17.6,20.9,43.8,61,S,Ground Radar,109,0.881,430,162,,No,High,High,UAV
842,Helicopter,69.3,49583,36.72141,78.80099,117,-19.4,-41.6,185,-13.2,5.85,16.96,98.4,298,29.29,37938,16,0.593,Very High,Turboshaft,Medium,30.6,7.4,22128,Hover,4,27,Clear,24.8,24.3,32.5,80,X,Ground Radar,160,0.736,54.7,177,Moderate,Yes,Medium,Low,Helicopter
843,UAV,65.4,43411.3,-4.9931,53.40297,329,-5.9,-30,76,35.5,9.98,23.17,79.3,133,32.9,38455,37.1,0.823,Low,Electric,Low,43.2,1.2,98165,Loiter,10,12,Rain,2.7,0.3,33.9,100,C,Ground Radar,312,0.585,160,84,Strong,No,Low,Low,UAV
844,Ballistic Missile,4273.1,7223,8.22424,-158.51076,121,-3.8,-34.3,273,22.2,7.33,23.5,90.3,319,8.17,19817,39.5,0.354,Very High,Rocket,Very High,25.5,11.5,169344,Ballistic,5,17,Fog,20.2,19.5,17.9,13,L,AESA,71,0.511,243.8,109,,No,Medium,Medium,Ballistic Missile
845,UAV,29,46407.9,38.71913,-118.38572,163,14.9,17.1,211,46.3,14.74,11.69,198.2,135,0.73,-12611,29,0.874,Low,Electric,Low,10.4,13.4,79479,Loiter,2,15,Fog,9.8,4.7,0.5,92,C,AESA,75,0.728,503.1,82,Moderate,Yes,Low,Low,UAV
846,Helicopter,47.2,43106.1,-33.23224,42.5135,26,6.6,38.6,33,2.7,15.25,3.91,278.3,177,3.38,-47861,33.2,0.614,Low,Turboshaft,Medium,14.8,7.7,22268,Hover,9,14,Fog,21.1,12.5,16,14,C,AWACS,453,0.838,474.3,169,,No,Medium,Low,Helicopter
847,Ballistic Missile,3820.8,38151.9,-14.58089,-59.3662,228,-16.8,-28.2,238,11.1,-1.72,9.46,67.4,284,32.24,15987,32.1,0.82,High,Rocket,Very High,40.4,49.7,82108,Ballistic,9,6,Rain,20.4,9.5,27.8,43,S,AWACS,214,0.825,2.2,96,Weak,Yes,Medium,Low,Ballistic Missile
848,Ballistic Missile,2478.9,39126.4,30.04807,17.2717,265,-7.1,-52,191,-21.8,16.86,8.46,341.7,265,6.97,40813,14.5,0.116,Low,Rocket,Very High,27.1,50.9,160126,Ballistic,2,14,Clear,27.5,17.2,-12.2,26,X,Ground Radar,214,0.595,527.2,88,Moderate,Yes,High,Medium,Ballistic Missile
849,Hypersonic Missile,1968.6,49254.1,14.95107,130.73405,11,-3.8,-36.8,242,26,-3.69,24.22,324.4,287,39.69,46871,6.3,0.224,Very High,Scramjet,Very High,31.8,17.8,182936,Glide,7,17,Rain,9.9,24.8,18,77,L,IRST,278,0.578,144.5,46,Strong,Yes,Low,Low,Hypersonic Missile
850,Helicopter,87.4,26786.3,40.36638,-47.32892,192,-19.3,37.8,63,45.8,18.29,17.43,71.7,108,22.78,47256,37.2,0.775,Low,Turboshaft,Medium,18.2,23.8,173743,Hover,2,16,Storm,6.8,7.3,-10.5,56,X,AWACS,42,0.896,11.7,142,Strong,No,Low,Low,Helicopter
851,Hypersonic Missile,3234.8,30344.6,49.99037,-178.29417,240,-17,-32.8,355,11.2,2.21,22.95,207.2,1,44.16,47470,17.3,0.424,Low,Scramjet,Very High,5.3,50,115951,Glide,8,23,Fog,12.2,22.6,32.5,80,S,IRST,40,0.783,59,43,Strong,No,Medium,Low,Hypersonic Missile
852,UAV,61.7,20792.9,-22.17757,-138.75304,85,6.3,39.3,15,-19.6,2.39,27.95,42.6,180,49.87,29871,14.7,0.367,Low,Electric,Low,19.3,1.8,58186,Loiter,6,26,Fog,22.9,0.9,13.7,55,C,AWACS,438,0.587,501.7,20,,No,Low,Medium,UAV
853,Ballistic Missile,3106.3,28972,19.32469,84.54494,60,2.9,17.7,17,-42.8,5.59,4.68,25.3,73,21.03,36050,5.5,0.985,Medium,Rocket,Very High,30.7,52.8,196884,Ballistic,6,9,Rain,13.2,7.7,-15.3,34,S,IRST,98,0.547,205,142,Strong,No,Low,Low,Ballistic Missile
854,UAV,20.9,2648.2,12.38735,-43.10896,12,12.5,57.6,156,42.3,3.25,20.91,230.3,142,33.98,12961,24.8,0.018,High,Electric,Low,5.3,38.4,120629,Loiter,4,19,Rain,5.1,13.5,-15.6,26,S,AWACS,181,0.675,187.3,159,Moderate,Yes,Low,Medium,UAV
855,Cruise Missile,264.6,35317.1,57.57551,-101.0448,349,0.1,-55.4,354,-30.8,12.4,10.4,33,75,49.43,36734,40,0.138,Very High,Turbojet,Medium,28.5,37.3,128487,Terrain Following,7,17,Storm,27.2,9.7,6.6,41,X,AESA,146,0.66,322.6,156,,No,Medium,High,Cruise Missile
856,Cruise Missile,252.3,3699,-46.91619,51.56272,208,16.9,52.9,232,-37.1,9.1,11.57,279.9,100,15.02,38603,31.4,0.581,Very High,Turbojet,Medium,38,15.3,177352,Terrain Following,2,24,Fog,23.5,21.8,2.1,91,S,AESA,397,0.638,10.2,118,,Yes,Low,Medium,Cruise Missile
857,Ballistic Missile,2232.5,19476.9,17.92289,78.93986,127,-0.8,-5.5,294,37.9,10.35,3.41,299.6,189,1.21,-41976,33,0.387,Medium,Rocket,Very High,8.4,12.4,135986,Ballistic,10,25,Fog,9.6,22.9,5.7,61,L,IRST,9,0.999,456.3,99,Strong,No,Medium,High,Ballistic Missile
858,Ballistic Missile,2009.1,22486.7,-35.62956,-71.73283,128,17.7,11.9,102,19.7,8.27,3.21,53.3,26,44.07,-46359,6.1,0.688,Medium,Rocket,Very High,38.2,18,174440,Ballistic,5,16,Rain,14.7,9.1,30.2,80,C,Ground Radar,145,0.769,85.1,123,,Yes,High,High,Ballistic Missile
859,UAV,41,25512.9,-49.44197,29.83989,72,-1,-53.3,97,11.2,9.16,22.64,236.2,254,2.78,36350,14.1,0.932,Low,Electric,Low,2.7,52.9,180476,Loiter,4,9,Fog,3.7,14.4,32.1,46,X,AESA,322,0.957,230.3,71,Strong,Yes,High,Low,UAV
860,Transport Aircraft,218,17585,14.40663,-52.46874,250,6,24.6,173,15.5,18.15,10.9,69.8,204,40.87,38211,34.1,0.105,Very High,Turbofan,High,47.4,1.7,30316,Cruise,10,24,Rain,7.1,20.1,12.1,37,S,Ground Radar,5,0.997,468,106,Strong,Yes,High,Medium,Transport Aircraft
861,Cruise Missile,254.2,6118.6,-18.48545,168.42879,241,-17.6,-25.8,276,-46.8,-1.32,0.6,22.4,122,13.18,-31714,13.4,0.958,Very High,Turbojet,Medium,16.7,20.2,96945,Terrain Following,8,11,Clear,6.8,5,25.4,60,C,Ground Radar,197,0.884,290,199,Strong,Yes,High,Low,Cruise Missile
862,Transport Aircraft,189.9,6876.1,-59.84079,-66.5438,58,-7,-30.9,126,-48.4,8.65,26.24,124.6,11,18.27,18407,25.2,0.654,High,Turbofan,High,17,58,140600,Cruise,3,6,Fog,18,15.5,-16.5,47,L,Ground Radar,162,0.852,45.5,124,Moderate,No,Medium,High,Transport Aircraft
863,Cruise Missile,194.4,44972.1,-53.97999,70.69681,228,17.1,-47.6,206,35.8,13.47,4.86,205.4,105,16.96,-3851,23.3,0.808,High,Turbojet,Medium,23.7,30.6,182797,Terrain Following,7,2,Rain,21.6,11.8,3.4,17,L,IRST,262,0.632,349.6,82,Strong,Yes,Low,High,Cruise Missile
864,Ballistic Missile,4536.8,27718.2,47.78602,-134.56366,115,-6.1,-5.1,58,25,18.44,2.96,68,73,5.38,-38565,30.4,0.198,Very High,Rocket,Very High,6.2,44.4,179768,Ballistic,5,8,Fog,15.6,19.2,43.7,79,X,Ground Radar,107,0.756,478.6,67,Strong,Yes,Low,Low,Ballistic Missile
865,Fighter,370,46466.1,-59.87393,-125.50486,206,-6.3,34.5,106,-28.3,19.03,11.69,149.1,130,25.4,39992,30.9,0.151,Very High,Jet,High,44.2,9.1,197405,Combat,8,9,Clear,5.2,15.8,-12.8,85,C,AESA,358,0.507,456.3,105,Strong,Yes,High,High,Fighter
866,Hypersonic Missile,2352.3,32562.5,-1.93093,-30.68181,24,10.8,5.1,271,46.7,-1.4,24.75,68.9,63,39.46,-5420,18.1,0.267,Very High,Scramjet,Very High,49.7,33.8,174976,Glide,1,21,Clear,21.9,11.5,-15.2,48,X,Ground Radar,114,0.922,210.2,198,Moderate,Yes,Medium,Low,Hypersonic Missile
867,Ballistic Missile,6420.9,35979.6,-4.03474,-50.213,344,-17.1,-30,105,40.2,-0.26,27.66,219.5,197,38.84,-8148,21.7,0.563,Low,Rocket,Very High,24.4,43.6,39613,Ballistic,6,20,Rain,2.3,13,6.4,56,S,AWACS,456,0.669,255.9,111,Strong,Yes,High,High,Ballistic Missile
868,Fighter,554.1,9492.3,-37.06866,29.45856,201,-20,-37.8,49,5.8,3.84,4.02,79.2,243,23.76,-28102,18.1,0.002,Very High,Jet,High,24.5,38.3,130520,Combat,3,11,Fog,26.8,16,-18.6,94,L,Ground Radar,366,0.643,80.1,27,,Yes,Low,High,Fighter
869,Fighter,628.7,12686.3,34.75437,-92.37771,244,-12.6,21.7,40,30.3,4.54,16.68,106,74,11.69,30947,35.1,0.663,Low,Jet,High,10.5,0.1,121918,Combat,2,16,Fog,8.9,14.6,32,96,C,Ground Radar,403,0.874,487.3,74,Strong,No,High,Medium,Fighter
870,Ballistic Missile,4614.7,11474.3,-51.75231,25.5826,126,11.6,-11.3,43,-9,13.47,10.83,283.3,109,11.53,-4812,22.2,0.21,Low,Rocket,Very High,35.1,2.6,34901,Ballistic,4,25,Clear,13.9,18.2,-18.8,10,C,AWACS,279,0.515,550.1,49,Weak,Yes,Medium,Medium,Ballistic Missile
871,Ballistic Missile,4533.8,42588.7,12.89196,17.39828,280,15.4,5.6,64,36.5,17.46,16.64,394,54,40.52,-45096,31.5,0.029,Very High,Rocket,Very High,31.6,9.4,60232,Ballistic,3,3,Fog,4.6,1.4,-12.7,35,S,AESA,267,0.861,541.3,168,Strong,No,Medium,High,Ballistic Missile
872,Transport Aircraft,223.4,38849.2,37.25053,-88.02921,348,19.6,-3.3,225,26.8,6.61,23,257.4,302,11.35,-17594,26.9,0.538,Medium,Turbofan,High,17.3,26.7,55128,Cruise,6,8,Clear,28.9,10.1,-7.1,37,S,AESA,272,0.623,533.1,41,,Yes,Medium,High,Transport Aircraft
873,UAV,61.8,16422.9,-24.17425,67.97656,92,-2.1,20.7,193,-36.7,15.08,1.66,209.4,83,43.34,-37415,6.8,0.822,Low,Electric,Low,23.1,37.5,142685,Loiter,9,15,Fog,1.8,14.1,-18.9,61,L,AWACS,264,0.777,311.6,128,Weak,No,Medium,High,UAV
874,Hypersonic Missile,2286.4,38379.7,1.90384,161.00393,57,-15.6,-58.7,92,33.7,2.07,29.47,99.4,160,2.55,6937,13.6,0.162,Low,Scramjet,Very High,49.6,43,36176,Glide,10,8,Storm,11.4,18.1,41.9,89,S,AWACS,471,0.666,159.7,163,Strong,No,Medium,Medium,Hypersonic Missile
875,Helicopter,40.3,31593.9,-27.24628,-89.69611,92,-14.3,39.4,78,3.6,-1.79,9.58,342.2,256,0.92,41295,33.8,0.859,Medium,Turboshaft,Medium,29.9,20.2,69950,Hover,3,29,Fog,26,5.7,25,95,C,AESA,239,0.87,385.5,13,,Yes,Low,Low,Helicopter
876,Ballistic Missile,3522.8,6158.2,-38.56115,155.18345,136,-15.3,55.4,74,16.7,3.27,26.97,345.5,215,0.02,12696,16.7,0.126,Low,Rocket,Very High,11,35.3,18570,Ballistic,6,30,Storm,25.9,9.7,36,58,S,AESA,425,0.596,518.7,92,Moderate,Yes,High,High,Ballistic Missile
877,Fighter,294.8,16889.2,10.8685,-143.76772,254,5.8,-51.2,150,13,-3.04,10.49,65.1,4,24.82,35832,32.2,0.95,Medium,Jet,High,28.5,35.2,132158,Combat,8,22,Rain,13.5,20.8,-18.1,34,S,AESA,382,0.917,17.8,5,Strong,Yes,High,High,Fighter
878,Hypersonic Missile,1868,7291.3,-3.52306,-55.38499,28,8.4,12.8,38,19.5,7.96,8.85,31.6,202,47.78,29670,39.4,0.636,Very High,Scramjet,Very High,18,23.9,95583,Glide,10,11,Storm,19.5,0.7,-5.6,26,L,IRST,219,0.638,426.2,105,Moderate,No,Low,Medium,Hypersonic Missile
879,Fighter,259.2,26617.8,-6.33976,38.79671,10,19.2,2.9,357,41.3,-2.23,17.88,151,315,30.01,20974,6.1,0.58,High,Jet,High,45.5,52.3,106884,Combat,7,19,Clear,18.1,2.7,12.5,16,X,AWACS,133,0.568,32.7,171,Weak,No,Medium,Medium,Fighter
880,Cruise Missile,205,35280,-8.7932,91.10037,228,-1,58.2,254,-40.7,14.32,0.5,19.1,148,42.52,49607,31.8,0.76,High,Turbojet,Medium,17.1,37.9,188999,Terrain Following,5,27,Rain,9.9,24.3,39.9,88,C,IRST,237,0.509,515.7,152,Strong,Yes,Low,Low,Cruise Missile
881,Helicopter,88.6,24853.9,54.79532,124.19625,170,-14.8,24.3,262,-45.2,-3.73,0.08,27.7,210,37.33,7206,29.7,0.568,Low,Turboshaft,Medium,8.4,30.3,76157,Hover,3,12,Storm,29.7,10,19.3,76,L,AWACS,387,0.786,456.7,25,,No,Medium,Low,Helicopter
882,Fighter,350.2,39919.6,4.67467,-97.37521,8,-1.4,-55.9,165,-39.2,17.02,12.89,351.8,61,40.9,-25453,36.8,0.573,Low,Jet,High,29.4,22.4,8030,Combat,6,6,Clear,28.8,11.8,44.1,71,L,IRST,18,0.929,396.8,53,Weak,No,Medium,Low,Fighter
883,Transport Aircraft,203.3,12815.3,-31.57481,133.12108,66,2.3,5.9,34,11.8,13.53,13.85,48.2,124,0.49,-48724,5.5,0.932,High,Turbofan,High,26,24.4,14386,Cruise,3,28,Storm,24.7,7.7,-2.3,23,L,Ground Radar,299,0.55,130.3,124,Weak,No,Low,High,Transport Aircraft
884,Transport Aircraft,228.1,8752.9,-53.91348,-55.11498,293,-9.9,-22.6,232,-20.9,18.15,0.38,166.1,104,21.11,36661,17.5,0.493,Very High,Turbofan,High,42.9,21.1,61373,Cruise,10,6,Fog,16.7,6.3,-18.1,71,S,AESA,437,0.8,133.4,163,,Yes,Medium,High,Transport Aircraft
885,UAV,51.1,49487.6,-27.67304,79.65942,324,-16.5,-44.1,137,-18.3,3.72,15.77,343.5,140,10.32,9021,7.9,0.107,High,Electric,Low,23.4,38.3,66181,Loiter,6,30,Fog,21.5,8.6,-10,85,X,AWACS,38,0.545,19.5,64,Strong,No,Medium,High,UAV
886,Fighter,394.3,23179.2,-32.4566,-62.62967,35,-16.2,-20.6,78,48.6,1.59,4.89,156.1,104,29.7,-35455,38.6,0.185,High,Jet,High,49.2,6.9,71737,Combat,7,2,Fog,12.3,15.5,0,58,S,IRST,28,0.985,535.7,44,Strong,No,High,Medium,Fighter
887,Cruise Missile,199.8,22995.9,-21.59795,-6.99414,185,2.6,3.7,322,-27.6,15.73,6.98,203.7,294,36.22,-9702,7.5,0.088,Medium,Turbojet,Medium,24.3,22.9,25463,Terrain Following,9,5,Storm,16.4,19,1.7,20,C,IRST,383,0.521,463.1,131,,No,High,Medium,Cruise Missile
888,Cruise Missile,237.4,47671.5,40.68436,122.9543,103,-12.6,49.5,148,41.1,3.68,19.29,225.4,209,37.15,42709,26.4,0.495,Low,Turbojet,Medium,49.7,34.9,115646,Terrain Following,5,16,Clear,16.9,9.7,-13.5,77,C,IRST,26,0.709,58.5,61,,Yes,Medium,Medium,Cruise Missile
889,Transport Aircraft,213.7,25638.3,9.30009,-1.29044,175,-9.4,-21,223,17,-3.55,6.95,273.4,158,6.89,44045,10.5,0.455,High,Turbofan,High,27.8,50,93398,Cruise,1,28,Fog,7.2,7,-15,60,X,Ground Radar,363,0.828,315.1,7,Weak,Yes,Low,High,Transport Aircraft
890,Ballistic Missile,4633.5,40949.8,8.5737,-72.70765,128,-17.9,37.6,245,-1.3,18.59,0.6,33.5,275,7.53,-41334,35.1,0.287,High,Rocket,Very High,22.8,10.3,134634,Ballistic,9,11,Rain,1.3,4.9,2.6,44,X,AESA,222,0.581,230.5,90,Weak,No,Low,Medium,Ballistic Missile
891,Hypersonic Missile,3467,28927.8,-1.06369,146.17332,279,2,11.8,27,-20.4,5.76,10.73,154.3,69,32.02,32773,26.4,0.403,High,Scramjet,Very High,38.2,53,137828,Glide,7,10,Storm,22.9,2.3,-6.8,91,L,IRST,77,0.55,412.7,74,Strong,Yes,High,Medium,Hypersonic Missile
892,Transport Aircraft,195.8,1077.1,41.48412,49.10367,241,-7.7,43.2,87,35.8,6.28,28.19,48.9,307,13.61,15189,9.3,0.058,Low,Turbofan,High,20.3,26.7,183751,Cruise,6,11,Rain,20.9,20.6,37.9,66,X,AESA,189,0.714,325.6,156,Moderate,No,High,Low,Transport Aircraft
893,Hypersonic Missile,2941.1,14815.6,34.30912,-42.38415,315,-1,-5.3,99,-5,3.66,3.4,61.9,242,48.69,388,17.4,0.496,Very High,Scramjet,Very High,38.4,23,102465,Glide,9,29,Storm,21.2,12.6,41.1,63,S,AWACS,63,0.585,281.6,78,Weak,No,Low,Medium,Hypersonic Missile
894,Fighter,747.8,35355.4,22.40226,-53.69364,194,6.9,47.2,239,-27.7,14.02,21.93,215.8,213,22.92,49000,19.6,0.513,Low,Jet,High,16.6,27.7,65552,Combat,2,5,Fog,8.9,22,33.5,77,L,AWACS,88,0.812,211.6,62,Moderate,No,Medium,High,Fighter
895,Transport Aircraft,208.8,14660.3,-5.9011,-90.2586,144,-13.5,-49,101,-47.7,16.78,25.52,13,8,42.85,44736,7.2,0.732,Low,Turbofan,High,16.1,28.4,11955,Cruise,10,28,Clear,22.4,10.2,-14.8,48,X,AESA,244,0.672,74.9,179,Moderate,No,Medium,High,Transport Aircraft
896,UAV,21.2,6034.1,-51.23775,80.14465,314,4.7,36.3,224,6.1,3.43,18.91,159.2,347,16.18,4783,33.7,0.96,Very High,Electric,Low,8.7,21.4,48425,Loiter,2,8,Fog,1.7,7.2,34.8,54,C,AWACS,67,0.673,28.5,138,Strong,No,High,Low,UAV
897,Hypersonic Missile,3458.8,45938.1,27.56886,-129.07783,56,8.6,12.9,246,13.2,11.3,27.3,243.1,232,4.9,20724,22.1,0.841,Very High,Scramjet,Very High,35.9,15.1,7089,Glide,7,26,Rain,24.4,3,-2.3,96,X,Ground Radar,157,0.774,340.3,99,Moderate,No,Medium,High,Hypersonic Missile
898,Cruise Missile,183.1,46938.6,4.52484,-91.51885,214,19.6,-42.6,329,23,0.75,18.1,39.1,256,24.27,18793,31.1,0.947,High,Turbojet,Medium,42.9,51.5,167657,Terrain Following,5,6,Clear,28.1,11.1,17,64,X,AESA,301,0.822,519.1,122,,No,Medium,Low,Cruise Missile
899,Ballistic Missile,4288.9,44415.1,-47.99534,57.00747,184,17.4,-50.7,151,25.9,18.05,14.65,185.8,296,43.44,-4784,19.6,0.041,High,Rocket,Very High,41,31,128247,Ballistic,2,20,Fog,6.6,20.7,-17.4,75,L,Ground Radar,294,0.628,283.9,36,Moderate,No,Low,High,Ballistic Missile
900,Fighter,511.5,19912.7,-56.47336,-156.49748,115,-10.7,18,285,6,11.27,7.1,308.7,211,24.16,-44748,24.7,0.494,High,Jet,High,4.9,50.7,122749,Combat,6,5,Rain,25.6,6.1,41.4,12,X,Ground Radar,297,0.741,351.4,149,Moderate,Yes,Medium,High,Fighter
901,Hypersonic Missile,2976.6,15613.5,-44.60943,0.74993,194,15.8,-9.3,344,11,15.62,6.52,281,88,21.43,11757,17.8,0.869,Very High,Scramjet,Very High,5.5,28.8,196111,Glide,5,15,Rain,10.5,14.2,32.7,21,S,AWACS,63,0.538,177.6,14,Strong,No,Low,High,Hypersonic Missile
902,Ballistic Missile,2720.1,42496.2,34.08429,-48.04499,335,-18.2,-40.8,353,18.2,9.35,14.58,84.3,348,32.98,22833,17,0.755,High,Rocket,Very High,10,31,115258,Ballistic,8,18,Rain,28.5,24.2,-16.8,96,X,AESA,265,0.5,347.8,173,Weak,Yes,High,High,Ballistic Missile
903,Hypersonic Missile,3330.3,4246.4,-59.16904,-27.09442,121,1.4,27.3,327,-20.8,16.24,15.73,368.1,221,28.8,-44647,20.6,0.089,High,Scramjet,Very High,41.1,46.7,113173,Glide,10,26,Rain,15.7,15.4,37.4,36,L,AESA,276,0.806,127.3,147,Moderate,Yes,Medium,Medium,Hypersonic Missile
904,Cruise Missile,222.3,44055,-30.91572,-69.0872,108,-15.9,-23.8,286,-48.9,17.87,29.57,12.8,69,20.42,-48153,34.7,0.007,Very High,Turbojet,Medium,3.4,53.1,51303,Terrain Following,1,22,Fog,7.6,19.2,36.9,59,S,AESA,35,0.923,39,43,Moderate,No,High,Low,Cruise Missile
905,Cruise Missile,187.1,11316.2,32.45064,-173.04434,248,-8.1,-49.4,149,-32,16.88,19.44,148.6,141,25.07,-25028,28.1,0.61,Very High,Turbojet,Medium,24.7,0.4,62861,Terrain Following,10,12,Clear,11.3,0.5,-8.7,87,L,AESA,323,0.732,499,66,,Yes,Medium,Low,Cruise Missile
906,Hypersonic Missile,2304.1,21331.5,-57.75207,5.00343,83,18,19.4,39,47.6,1.41,17.3,204.7,177,11.71,-39751,23.4,0.842,High,Scramjet,Very High,45.6,34.3,56415,Glide,6,4,Storm,5.3,16,-0.2,44,L,IRST,421,0.527,375.5,12,Strong,No,Medium,High,Hypersonic Missile
907,Fighter,504.5,45978.8,-46.54878,174.35574,202,-10.1,10.2,356,26.2,2.23,14.13,194.3,53,26.79,3440,16.7,0.267,Medium,Jet,High,43.5,52.4,188886,Combat,9,26,Fog,15.2,9,27.2,60,C,AWACS,191,0.676,110.3,33,,No,Medium,Low,Fighter
908,Fighter,747.5,20293.9,-1.40223,47.17828,272,-2.8,14.1,280,-31.4,-4.82,6.76,375.9,274,20.58,-43553,24.9,0.668,Low,Jet,High,30.8,20.9,96207,Combat,9,23,Rain,9.1,9.6,-17.9,74,X,AESA,342,0.988,253,70,Weak,No,Low,High,Fighter
909,Helicopter,68.5,2598.7,-42.81441,144.3587,92,-6.2,-49.7,247,-45.5,11.77,8.04,83.9,216,20.96,2333,37.2,0.428,Very High,Turboshaft,Medium,16.9,45.2,161270,Hover,9,22,Fog,26.2,1.5,32.5,42,S,AESA,102,0.854,348.1,3,Strong,Yes,High,High,Helicopter
910,Fighter,518.6,897,-33.70966,40.10965,226,-0.2,32.4,37,40.9,10.25,29.97,220.5,199,1.33,-10274,25.4,0.619,High,Jet,High,44.7,46.1,107005,Combat,7,28,Storm,6.6,1.7,1.4,58,C,IRST,91,0.583,269,47,Weak,No,High,Low,Fighter
911,Cruise Missile,222.7,48845.3,42.41631,13.31547,178,14.3,-36.7,298,-38,16.63,29.74,292.7,295,6.9,23047,38.4,0.176,High,Turbojet,Medium,21.3,52.3,91006,Terrain Following,2,8,Clear,21.3,21.6,40.2,31,X,IRST,87,0.826,594.2,165,,Yes,High,High,Cruise Missile
912,Hypersonic Missile,2985,21345,44.35625,43.62649,309,16.1,-32.1,214,40.9,16.12,8.4,147.9,148,44.93,-41376,12.6,0.07,High,Scramjet,Very High,37.7,50.8,178776,Glide,6,26,Clear,18.6,10.6,20.6,82,C,Ground Radar,328,0.564,572.9,35,,No,High,High,Hypersonic Missile
913,Transport Aircraft,208.4,43553.7,-29.94145,-177.42438,326,-8.2,36.9,208,-31,15.96,12.91,6.7,327,46.7,-26373,12.6,0.655,High,Turbofan,High,48,53,77526,Cruise,3,4,Storm,18.8,2.2,10.7,56,X,AWACS,258,0.913,149.1,194,Weak,Yes,Medium,Medium,Transport Aircraft
914,UAV,59.9,42518.6,-41.34157,-46.12643,359,17.6,25,55,8.5,17.75,12.33,18.9,60,13.1,38476,8.7,0.309,Low,Electric,Low,49.2,8.5,153844,Loiter,10,9,Clear,17.5,0.5,29.1,20,C,IRST,134,0.904,110,131,,No,Low,High,UAV
915,Hypersonic Missile,2856.8,32716.5,43.80654,123.69402,215,5.1,-15.2,43,12.6,10.79,30,55.8,315,32.68,7995,35.4,0.821,High,Scramjet,Very High,36.7,27.1,108158,Glide,7,26,Clear,11.9,3.6,20.8,37,X,Ground Radar,67,0.641,544.8,76,Moderate,Yes,High,High,Hypersonic Missile
916,Hypersonic Missile,1908.3,23595.9,43.70758,138.3998,43,15.9,49.3,243,18.9,6.06,11.97,155.4,136,47.32,32770,9.5,0.676,Medium,Scramjet,Very High,8.2,36.9,142124,Glide,3,6,Clear,13.9,1.9,-8.1,12,X,IRST,440,0.664,65.5,36,Strong,No,Low,Low,Hypersonic Missile
917,Hypersonic Missile,2986.2,21968,56.84541,118.49569,201,12.5,-59.3,348,46.3,11.82,10.04,292.6,299,18.77,-31286,33.7,0.469,Medium,Scramjet,Very High,35.9,12.1,123201,Glide,10,15,Clear,15.3,14.6,17.6,63,X,IRST,91,0.588,102.5,94,,Yes,Low,Medium,Hypersonic Missile
918,Hypersonic Missile,3466.5,20840.8,-4.01979,-157.24669,25,-16.5,55.6,82,-49,12.97,21.37,122.9,15,30.81,-30345,33.4,0.266,High,Scramjet,Very High,28.9,2.4,175098,Glide,1,4,Rain,14.3,6.4,-12.9,72,X,IRST,282,0.932,529.8,169,Moderate,Yes,High,Low,Hypersonic Missile
919,UAV,23.9,11518,21.47866,77.59825,19,-2.6,33.9,97,15.6,6.28,25.31,116.8,201,34.92,-41990,9.1,0.227,Low,Electric,Low,9.4,7.5,99993,Loiter,5,25,Fog,22.2,23.2,-0.4,23,X,AESA,414,0.504,178.5,115,,No,Low,High,UAV
920,Hypersonic Missile,3260.9,48427.6,-8.18124,-141.14555,351,-0.3,-28.2,202,21.4,9.67,27.02,180.4,200,33.56,-35014,36.4,0.522,Very High,Scramjet,Very High,19.2,50.9,56506,Glide,3,6,Rain,3,6.3,43.4,78,C,Ground Radar,174,0.573,75.5,195,Moderate,Yes,High,Medium,Hypersonic Missile
921,UAV,44.4,41621,14.79723,31.64221,359,-7.9,-14.7,204,-46.9,-1.51,28.55,30.3,13,43.85,-40710,21.4,0.078,Very High,Electric,Low,31.1,52.8,117962,Loiter,1,12,Clear,29.5,23.9,-10.8,48,L,AESA,90,0.791,417,172,Strong,Yes,Low,Low,UAV
922,Transport Aircraft,238.1,24753,-34.98622,-3.10536,359,18.9,59.7,121,-14.2,14.23,17.97,52.3,267,46.89,14331,34.4,0.731,Very High,Turbofan,High,6.9,43.3,177211,Cruise,9,30,Storm,11.5,2.7,34.3,87,X,Ground Radar,321,0.767,0.8,116,,Yes,Medium,Low,Transport Aircraft
923,Transport Aircraft,191.2,11152.5,-44.73641,101.64,217,16.3,48.8,311,-13.8,0.67,21.67,247.3,37,16.07,-21777,36.5,0.384,High,Turbofan,High,31.6,2.5,52784,Cruise,8,23,Clear,5.3,20.1,3.7,89,L,AESA,499,0.84,563.1,170,Moderate,No,Low,Medium,Transport Aircraft
924,Cruise Missile,197.2,7220.8,-2.51183,99.2911,238,4.6,-31,57,27.7,-1.81,22.74,178.9,77,16.81,24879,36.3,0.648,Low,Turbojet,Medium,16.9,14.4,60465,Terrain Following,10,15,Storm,3.1,14,31.7,70,X,Ground Radar,114,0.613,396.7,55,Strong,Yes,Low,High,Cruise Missile
925,Fighter,725.4,32969.1,43.62809,-144.11981,259,3.6,41.8,167,32.3,13.18,6.83,64.9,66,44.42,23717,15,0.413,Very High,Jet,High,27,32.4,195356,Combat,1,19,Fog,22.1,2,34.5,81,S,AESA,471,0.933,59.7,31,Strong,Yes,Low,High,Fighter
926,Helicopter,75.3,48954.4,31.13421,-35.10532,33,-6,38.2,151,-19.7,6.56,11.11,65.4,115,49.45,45385,34.8,0.516,Very High,Turboshaft,Medium,18,46.8,168228,Hover,5,22,Fog,14.6,1.9,-18.5,61,X,IRST,162,0.637,574.6,37,Moderate,No,Medium,High,Helicopter
927,UAV,37.7,44645.8,37.61637,-164.91327,190,15.5,1.2,306,34.9,-3.71,3.41,186.5,89,9.16,-2991,28,0.343,Medium,Electric,Low,41.7,14.8,19013,Loiter,4,2,Clear,7,22.4,23.8,56,S,IRST,359,0.878,187.3,83,Moderate,No,High,Medium,UAV
928,Helicopter,86.8,6210.7,10.63248,34.18767,116,8,-29.5,22,-42.4,-3.46,29.85,349.2,64,24.54,44623,35.3,0.779,Very High,Turboshaft,Medium,30.8,8.8,108658,Hover,8,8,Fog,7.8,6.3,-10.4,84,C,Ground Radar,271,0.791,455.3,155,Moderate,Yes,High,High,Helicopter
929,UAV,23.7,41411.5,1.19178,40.42672,308,2.3,-48,270,-28.1,0.47,18.52,205.1,248,19.76,14078,22,0.242,Low,Electric,Low,38,7.8,170698,Loiter,9,29,Clear,7.7,22.5,-17.2,70,L,AESA,396,0.563,231.2,166,Moderate,No,Medium,Medium,UAV
930,Helicopter,49.2,32478.2,42.68974,-175.72242,77,-0.4,-47.3,160,19.7,14.31,16.67,319.9,52,24.34,26018,36.9,0.142,Very High,Turboshaft,Medium,5,17.5,187198,Hover,10,3,Storm,15.5,3.1,-8.4,68,L,Ground Radar,22,0.51,245.2,118,Weak,No,Low,Low,Helicopter
931,Fighter,632.5,44261.8,4.47333,106.49153,42,15,21.4,95,-17.9,12.53,20.02,247.6,169,43.5,-25460,24.6,0.942,Very High,Jet,High,26.4,42,164855,Combat,2,24,Fog,2.5,9.5,-5.1,99,L,IRST,413,0.646,388.7,175,Strong,No,High,High,Fighter
932,Helicopter,48.9,22215,-25.95723,91.29962,287,-10.8,26.5,208,35.2,-1.43,20.1,196.9,31,10.43,16388,20.8,0.484,Very High,Turboshaft,Medium,39.7,28.3,52041,Hover,7,5,Storm,20.6,14.4,44.7,70,L,AWACS,77,0.721,40.3,68,Moderate,Yes,High,Low,Helicopter
933,Fighter,516.6,35831.1,-27.41517,-134.83608,49,0.9,38,41,-44.6,18.97,17.68,347.8,172,39.51,-5708,22.7,0.169,Medium,Jet,High,41.7,52,130229,Combat,5,20,Storm,7.4,18.1,-1.8,60,X,AWACS,397,0.768,549.4,60,Weak,Yes,Medium,High,Fighter
934,Hypersonic Missile,1990.4,4672.8,53.45266,32.35027,67,16.6,54.8,11,-10,2.73,8.65,352.8,163,2.51,-27913,32.1,0.451,Medium,Scramjet,Very High,22.9,33.8,20913,Glide,7,24,Storm,27.4,16.8,31.4,93,C,IRST,381,0.871,38.8,8,,Yes,High,Low,Hypersonic Missile
935,Hypersonic Missile,3449.5,31142.8,-10.84376,31.62021,89,-2.7,22.3,104,10.8,19.22,29.95,183.4,13,42.33,-43871,16.3,0.567,Low,Scramjet,Very High,7.9,43.6,101333,Glide,1,11,Storm,24.6,22,-0.8,82,S,AESA,150,0.536,20,98,,Yes,High,High,Hypersonic Missile
936,Helicopter,59.2,6580.7,-29.71346,-149.66879,65,15.2,-52.8,295,-37.1,14.08,25.54,291.9,346,45.43,-9483,34.4,0.803,High,Turboshaft,Medium,45.5,21.2,81113,Hover,9,17,Rain,9.8,7.8,5.8,44,S,Ground Radar,418,0.801,220.2,174,Weak,No,High,Medium,Helicopter
937,UAV,73.3,2199.9,-21.20148,-83.44519,344,-4.7,-46.7,327,-37.4,15.16,25.19,179,182,40.64,209,21.5,0.724,Low,Electric,Low,26,20.1,6531,Loiter,2,9,Clear,23.3,7.7,-18.5,48,X,Ground Radar,137,0.764,549.6,101,Moderate,No,Low,Low,UAV
938,UAV,66.4,1583.9,1.96311,166.59717,289,12.7,-53.6,174,-3.7,6.51,5.13,346.1,87,13.52,-28249,9.7,0.002,High,Electric,Low,32.2,34.8,185550,Loiter,3,24,Storm,24.4,7.9,29.6,52,L,Ground Radar,88,0.691,244.2,119,Strong,No,High,Medium,UAV
939,Ballistic Missile,2743,9525.7,39.68575,122.19263,180,3.5,11.9,273,23,19.81,17.13,247.9,357,20.3,16211,30.3,0.709,Very High,Rocket,Very High,31.5,50.6,105837,Ballistic,7,19,Fog,12.4,9.6,35.2,61,X,AWACS,222,0.777,265.2,28,Weak,Yes,High,Low,Ballistic Missile
940,UAV,56.5,6294.1,45.76602,128.55505,246,5.7,51.2,117,-34.6,11.2,25.46,345.2,246,5.51,46435,18.1,0.053,Very High,Electric,Low,25.1,44.7,79939,Loiter,9,26,Rain,19.3,15.4,30.3,64,S,AESA,337,0.893,572.4,109,Weak,No,Medium,Low,UAV
941,Cruise Missile,229.6,28905.2,-23.87415,-0.16579,165,19.4,-51.9,101,19.4,1.45,29.56,139.7,8,44.48,-20773,26.4,0.987,Low,Turbojet,Medium,27.9,26.3,43402,Terrain Following,2,25,Rain,21.9,6.4,34.4,78,X,IRST,338,0.612,561.3,76,,No,Low,Medium,Cruise Missile
942,Cruise Missile,193.8,23533.5,-20.30848,149.48105,234,18.5,-2.7,257,35.7,7.27,29.97,391,345,38.77,38356,27.8,0.425,Very High,Turbojet,Medium,32.7,4.8,149985,Terrain Following,4,28,Fog,16.1,18.8,32.1,10,C,Ground Radar,293,0.883,570.2,72,Weak,No,Low,Medium,Cruise Missile
943,UAV,40.4,9242.2,-43.28983,49.79388,41,0.1,43.1,217,-36.9,-2.81,29.09,355.4,6,12.39,26333,34.7,0.724,High,Electric,Low,34,48.2,55653,Loiter,3,19,Clear,8.2,23.2,25.3,48,L,IRST,425,0.92,494.8,190,Strong,No,Low,Medium,UAV
944,UAV,70.4,27606.7,-22.1489,24.56439,56,0.8,47.5,305,-19.5,0.93,28.06,398.9,214,5.15,-17517,9.5,0.31,Medium,Electric,Low,31.9,13.9,76549,Loiter,10,11,Storm,22.4,13.6,17.5,32,C,Ground Radar,433,0.99,165.3,40,,Yes,Low,Low,UAV
945,Fighter,192.2,17764.6,-29.13606,35.03312,172,-12,7.8,335,-27.3,2.13,24.58,350,47,18.82,29577,37.8,0.031,High,Jet,High,18.8,0.3,23763,Combat,6,27,Fog,12.3,7.8,-1.9,29,C,AESA,410,0.685,115.9,27,Weak,No,Medium,Medium,Fighter
946,Ballistic Missile,6348.9,2626,-8.24974,0.18405,3,12.6,-34.8,227,-38.7,-2.74,11.1,224,317,27.15,-41659,5.7,0.218,Low,Rocket,Very High,8.5,26.3,131281,Ballistic,8,17,Fog,28.8,4.4,2,94,X,Ground Radar,453,0.854,263.6,180,,Yes,High,High,Ballistic Missile
947,Helicopter,76.5,20748.2,40.14205,-10.72884,334,-13.5,-37.8,290,-16.1,16.7,26.91,167.3,287,16.73,-25928,29,0.879,High,Turboshaft,Medium,45.1,46.9,76506,Hover,7,5,Fog,22.4,22.3,-15.6,21,S,AESA,361,0.882,311.3,179,Strong,Yes,Low,Low,Helicopter
948,Ballistic Missile,5966.2,49858.7,34.38022,-165.20568,308,-8.1,16.3,195,-27.6,18.56,24.37,144.4,35,26.78,27224,34,0.054,High,Rocket,Very High,27.8,8.4,75788,Ballistic,1,3,Storm,21.2,10,41.4,58,C,AESA,33,0.806,511.3,59,Strong,No,Medium,Low,Ballistic Missile
949,Fighter,392.6,701.9,17.2209,157.4194,117,5.9,-18.5,146,31,9.56,1.62,344.7,13,33.45,9856,40,0.082,Medium,Jet,High,35.8,26.8,73420,Combat,10,18,Clear,27.8,11.1,44,41,L,AWACS,301,0.639,551.3,98,Weak,Yes,Low,High,Fighter
950,Ballistic Missile,3893.8,41804.5,25.34372,28.20617,244,10.4,-30.4,9,1.1,15.13,5.96,115.5,310,46.14,-49736,6.5,0.911,Medium,Rocket,Very High,3.1,26.6,143532,Ballistic,10,27,Rain,1.4,8.9,-6.2,31,C,AWACS,381,0.564,326.2,36,Strong,Yes,High,High,Ballistic Missile
951,Transport Aircraft,252,47716.8,44.83075,-32.76872,259,9.3,22.7,42,-28.2,-1.36,17.89,339.2,161,13.63,26161,14,0.207,High,Turbofan,High,14.8,1,98011,Cruise,8,9,Fog,22,24.5,44.3,81,L,IRST,437,0.896,179.7,40,Weak,Yes,High,Medium,Transport Aircraft
952,Hypersonic Missile,2885.7,47586.8,39.13524,-148.83268,197,7.6,9.1,182,46,0.85,0.35,189.4,261,2.94,16659,12.9,0.886,Low,Scramjet,Very High,7.4,39.1,162802,Glide,7,17,Storm,9.6,0.1,-2.8,83,S,AWACS,288,0.682,305.7,31,,Yes,Low,Low,Hypersonic Missile
953,Transport Aircraft,244.7,41720.7,-33.46428,89.34125,309,8.6,-48.9,87,8.1,12.29,19.18,238.9,144,35.75,-43392,9.4,0.592,Medium,Turbofan,High,48.1,8,182917,Cruise,5,21,Clear,27.5,18.4,31.1,52,S,Ground Radar,295,0.523,176.5,128,Strong,Yes,Low,Low,Transport Aircraft
954,Cruise Missile,192.7,40878.4,-2.23149,-71.6457,175,4.1,-4.6,230,44.4,-3.49,6.18,162.5,221,49.49,28638,30.7,0.101,Medium,Turbojet,Medium,24.5,14.8,155024,Terrain Following,6,24,Storm,5.8,14.2,-4.9,92,X,AESA,269,0.556,564.3,64,Moderate,No,Medium,High,Cruise Missile
955,Cruise Missile,210.8,42272.1,26.03191,88.89378,344,6.8,35.8,196,46.2,19.89,16.97,339.1,252,39.45,-25615,6.6,0.597,Very High,Turbojet,Medium,45.9,41.5,184969,Terrain Following,6,12,Clear,5.1,24.2,21.4,98,S,IRST,241,0.849,300.9,131,Weak,No,Medium,High,Cruise Missile
956,UAV,63.6,24080.6,-18.20604,28.60982,289,7.1,-28.6,227,-22.4,6.78,8.51,56.9,256,11.6,-24804,26.1,0.983,Medium,Electric,Low,42.1,21.1,12575,Loiter,6,3,Storm,27.6,17.4,-5.6,11,C,AWACS,327,0.535,39.7,9,Weak,No,Low,Medium,UAV
957,Fighter,248.9,24208,-35.85461,172.61415,197,6.3,-9.6,251,36.8,4.19,12.95,125.7,150,31.67,39702,39.8,0.46,Medium,Jet,High,17,43.2,96831,Combat,7,26,Storm,29.6,1.6,8.9,82,L,AWACS,426,0.955,448.6,13,Strong,No,Medium,Medium,Fighter
958,Fighter,522.1,19781.6,-11.55418,-167.36853,152,14.2,19,214,-36.2,3.01,5.91,125,164,33.18,12450,8.3,0.402,Medium,Jet,High,39.1,37.7,178946,Combat,7,21,Fog,16.5,2.9,20.9,29,C,AESA,463,0.644,69.4,128,Weak,No,Medium,Medium,Fighter
959,Fighter,478.4,43884.1,48.62066,-74.02085,215,6.6,-23,151,-23.6,-2.33,8.93,106.7,112,25.77,-44459,14.1,0.439,Low,Jet,High,17.4,22.2,160958,Combat,9,5,Storm,13,19.9,21.9,99,X,Ground Radar,233,0.89,359.2,147,Strong,Yes,Medium,Low,Fighter
960,Fighter,627.6,16630.9,-28.85351,101.76794,48,12.8,-44.5,332,-40.7,4.72,25.59,61.7,83,23.46,-39759,28.3,0.45,High,Jet,High,14.5,56.8,182230,Combat,3,29,Rain,20.1,12.2,41.9,98,S,IRST,172,0.769,276.1,24,Strong,No,High,Low,Fighter
961,Ballistic Missile,3012.1,39902,-31.12565,-161.62219,182,13.2,-59.7,268,-46.8,12.73,12.75,207.8,358,38.13,34021,25.3,0.22,High,Rocket,Very High,34.6,5.3,161096,Ballistic,4,5,Storm,5,23.7,23.3,59,X,AESA,319,0.773,442.9,118,,Yes,Medium,High,Ballistic Missile
962,Fighter,209.9,11824.1,-26.31395,75.51371,262,6.3,42.7,157,-13.9,10.46,7.52,216.3,126,23.76,-2956,20.9,0.963,Very High,Jet,High,10.5,52.1,116122,Combat,10,30,Fog,1.4,4.8,42.3,53,C,AWACS,118,0.517,598,197,Weak,No,Medium,Low,Fighter
963,Hypersonic Missile,3139.6,7045,-45.20501,99.32689,189,-1.7,-13.4,208,-9.8,11.74,1.06,152.9,219,44.9,-22460,8.4,0.371,Low,Scramjet,Very High,18.9,4,66249,Glide,1,15,Fog,27.6,12.6,14.5,31,S,Ground Radar,14,0.515,237.9,91,Moderate,Yes,Low,Medium,Hypersonic Missile
964,Fighter,395.5,23713.7,1.02947,-175.67346,129,-2.8,-35.2,170,39.8,16.74,11.52,380,1,18.43,47221,16,0.885,Medium,Jet,High,17.2,36.4,164261,Combat,3,28,Clear,2,4.9,34.7,82,X,Ground Radar,342,0.735,274.4,101,,Yes,High,High,Fighter
965,Transport Aircraft,232.2,35317.3,7.79746,74.5688,135,-19.2,33.5,279,43.8,18.14,3.63,226.9,213,35.91,46374,5.9,0.768,Very High,Turbofan,High,14.3,58.3,80484,Cruise,6,16,Clear,15.6,7.9,44.1,23,L,AESA,99,0.9,413.5,154,Moderate,No,High,High,Transport Aircraft
966,Helicopter,51.9,31366.7,56.39817,-71.31265,350,-0.5,6.2,123,-40.3,-1.88,27.86,287.8,338,23.08,2413,31.7,0.259,High,Turboshaft,Medium,3.9,40.1,178516,Hover,7,24,Fog,25.7,5.3,-7.9,25,S,AWACS,130,0.952,545.2,20,Strong,Yes,Low,High,Helicopter
967,Ballistic Missile,6474.4,32377,49.22022,-39.3362,8,1.3,10.6,173,24.7,-3.59,1.88,138,319,3.63,-9068,22.2,0.211,Medium,Rocket,Very High,15.5,27.2,59196,Ballistic,1,7,Fog,29.1,13.6,13.2,48,X,Ground Radar,251,0.799,333.7,35,Weak,No,Low,High,Ballistic Missile
968,Fighter,601.4,8608.2,17.58857,-58.52425,95,-7.5,-32.8,354,28.8,7.78,17.06,342.6,355,37.85,4229,17.2,0.071,Very High,Jet,High,11.3,31.6,134823,Combat,9,21,Storm,19.8,20,32.5,65,C,AESA,118,0.522,446.6,90,Strong,Yes,High,High,Fighter
969,Transport Aircraft,238.4,12357.4,0.84948,-28.93086,147,-4.1,-56.9,76,23.7,14.78,23.89,363.5,358,37.62,-37240,14.5,0.884,Very High,Turbofan,High,4,23,69217,Cruise,10,23,Clear,14.4,5.9,41.2,85,C,Ground Radar,111,0.844,479.4,6,Moderate,No,High,Low,Transport Aircraft
970,Ballistic Missile,6431.2,17372.2,-34.55857,115.33784,299,13.5,-32.6,50,46.4,12.83,14.83,359.3,7,28.72,-44799,12.6,0.618,Medium,Rocket,Very High,44.6,41.8,169281,Ballistic,5,12,Storm,20.7,18.6,28.6,75,C,Ground Radar,282,0.887,584.8,59,Strong,No,Medium,High,Ballistic Missile
971,Fighter,730.4,33576.4,11.48562,97.94889,170,-9.9,42.6,137,-45.1,7.74,15.54,171.8,306,11.99,-42579,11.1,0.354,Low,Jet,High,23.1,1,44967,Combat,5,12,Fog,15,11.8,-16.1,30,L,IRST,477,0.73,1.1,11,Moderate,Yes,High,High,Fighter
972,Ballistic Missile,3908.2,20947.9,-21.04603,-52.52792,80,17.8,54.7,255,-21.4,-4.61,10.91,271.3,338,26.41,-21371,19.5,0.959,Medium,Rocket,Very High,24.6,40.4,92384,Ballistic,1,8,Storm,17.5,23.8,8.3,49,C,AESA,107,0.798,271.9,82,Strong,No,High,High,Ballistic Missile
973,Transport Aircraft,241.9,5330.7,-36.75668,174.58682,166,-5.4,-49.8,235,-8.3,-3.61,2.6,386.6,115,41.46,-17244,10.4,0.028,Low,Turbofan,High,47.6,33.7,139022,Cruise,9,17,Storm,26.8,14.7,-19.6,38,C,Ground Radar,345,0.913,308.5,10,Weak,No,High,Low,Transport Aircraft
974,Fighter,288.7,38761.5,-11.48824,-151.93907,148,-9.2,-23.4,103,-34,-1.94,9,80.3,108,45.06,27353,15.7,0.175,High,Jet,High,45,48.2,169570,Combat,5,24,Rain,4.9,15,-1,11,L,AWACS,203,0.6,572.4,65,Moderate,No,Medium,Medium,Fighter
975,Hypersonic Missile,3447.5,29183.3,-20.19093,131.93844,149,14,10.2,102,2.8,16.07,27.22,228,14,25.68,-10113,36.3,0.475,Very High,Scramjet,Very High,24,31.3,193412,Glide,7,26,Fog,24.5,16,12.8,48,S,AESA,70,0.775,156.9,80,Moderate,Yes,Low,Medium,Hypersonic Missile
976,Transport Aircraft,239.2,17100,-42.31894,-45.74038,109,16.8,-53.4,292,2.1,5.93,6.51,334.9,111,31.36,43369,39.2,0.812,Very High,Turbofan,High,3,50.4,4930,Cruise,5,15,Clear,7.4,13.2,34.8,66,X,IRST,227,0.873,403.2,106,Moderate,No,Medium,High,Transport Aircraft
977,Ballistic Missile,2111.1,44964.7,47.94535,57.37358,256,6.4,42,327,44,-0.63,26.32,386.9,268,32.07,21948,39.8,0.155,Very High,Rocket,Very High,28,14.1,66755,Ballistic,8,18,Fog,11.7,11.2,15.8,74,X,AWACS,170,0.656,332.4,112,Strong,Yes,High,Medium,Ballistic Missile
978,Cruise Missile,231.8,6201.2,-47.49655,102.01395,319,-18.2,13.1,55,27.8,19.01,10.28,352.3,249,46.53,28155,8.2,0.844,Low,Turbojet,Medium,48,10.2,62983,Terrain Following,10,4,Fog,4.4,20.4,23.1,26,C,IRST,117,0.919,99.7,125,,No,Medium,High,Cruise Missile
979,Fighter,708.1,29777.4,-46.79618,-59.82865,123,6.3,-40.3,72,31,19.86,11.96,279.8,325,1.66,-17810,22.6,0.921,Low,Jet,High,40.3,48.4,125656,Combat,8,24,Clear,23.7,21.7,23.9,58,X,Ground Radar,46,0.935,100.2,193,Weak,No,Medium,Medium,Fighter
980,Ballistic Missile,3925.4,10334.5,52.70667,63.13912,280,2.9,-43.9,34,3.7,-2.51,12.81,27.1,4,19.75,-8032,39.7,0.428,Very High,Rocket,Very High,18.4,0.8,191069,Ballistic,6,18,Storm,10.3,18.7,11.1,22,L,AWACS,344,0.769,428,36,Moderate,Yes,Low,Medium,Ballistic Missile
981,Ballistic Missile,5276.1,23344.5,22.65127,162.43956,60,-6.7,-39.1,168,28.8,15.92,1.4,278.6,143,40.81,4209,5.4,0.496,High,Rocket,Very High,3.3,51.4,75544,Ballistic,5,16,Fog,24.8,23.5,11.7,93,S,AESA,325,0.599,75.5,136,Weak,Yes,Medium,High,Ballistic Missile
982,Hypersonic Missile,2244.2,23638.4,-41.04405,41.35577,275,-20,10,235,-2.4,15.95,18.29,257.9,51,1.16,-6471,6,0.207,Very High,Scramjet,Very High,43.5,55.4,94447,Glide,1,27,Rain,3.9,5.6,5.9,15,L,AESA,325,0.79,559,185,Strong,Yes,Medium,Medium,Hypersonic Missile
983,UAV,47.2,3710.4,5.3996,-3.23151,300,-11.8,43.3,16,4.1,19,25.36,33.7,348,46.46,13254,24.3,0.49,Low,Electric,Low,42.1,59,18849,Loiter,2,29,Clear,27.8,11.4,-13.4,61,S,AWACS,307,0.772,61.6,37,Strong,No,Medium,High,UAV
984,Cruise Missile,233.3,360.5,34.20268,-175.97619,44,2.8,-39,328,-17.1,-1.86,9.36,104.6,288,44.38,49195,18,0.317,High,Turbojet,Medium,45,27.8,15586,Terrain Following,6,20,Fog,5.3,22.9,-12,71,S,Ground Radar,256,0.531,302.4,32,Weak,No,High,High,Cruise Missile
985,Helicopter,82.5,28753.9,6.52769,-157.88332,207,10.3,2.7,236,15.6,12.87,11.33,296,313,48.02,-14652,33.4,0.175,High,Turboshaft,Medium,32.2,16.9,101730,Hover,5,7,Storm,26.4,10.4,-7.3,75,C,Ground Radar,117,0.596,474,146,Moderate,Yes,Low,Medium,Helicopter
986,UAV,25.2,19681.1,14.95034,118.9528,110,-5.7,6,162,-14.8,4.13,21.21,169,314,1.02,-40887,9.1,0.865,Medium,Electric,Low,13.6,56.3,7740,Loiter,7,3,Storm,22.3,9,35.3,89,S,IRST,281,0.997,548.7,27,,No,High,Low,UAV
987,UAV,23.2,21686.9,-8.04214,-132.6506,7,14.8,45.8,180,38.2,14.71,24.33,379.1,261,17.95,-43525,17.6,0.138,Low,Electric,Low,45.1,5.8,185293,Loiter,1,25,Storm,24.3,6.1,-15.4,66,L,IRST,175,0.683,453.2,142,,Yes,Low,Low,UAV
988,Helicopter,59.5,36532.8,48.22029,-112.38511,161,3.2,-56.4,266,16.4,10.84,14.31,214.6,210,43.16,12559,11.9,0.754,Low,Turboshaft,Medium,45.3,32.2,140102,Hover,6,4,Storm,20.4,7.9,-12.6,82,L,AESA,225,0.765,285.9,127,Weak,No,Low,Low,Helicopter
989,Helicopter,84.5,6424,43.5152,-176.50331,159,-4.4,-52.8,101,16.3,12.98,13.56,67.7,111,26.01,-4973,28.8,0.439,Medium,Turboshaft,Medium,31.6,10.2,155429,Hover,9,21,Rain,22.8,17.5,21.6,41,X,Ground Radar,362,0.823,102.9,28,Weak,Yes,High,Medium,Helicopter
990,Cruise Missile,202,18008.5,-22.37139,-85.6996,246,3.4,-35.4,147,-1.5,18.25,28.93,28.9,190,26.64,43767,24,0.285,Medium,Turbojet,Medium,41.7,34.1,170684,Terrain Following,8,24,Rain,5.8,18.3,-4.5,29,L,IRST,374,0.934,475.3,20,Strong,No,Medium,Low,Cruise Missile
991,Helicopter,61.6,19973.4,-42.16495,-164.92679,67,-17.7,-58.7,282,-47.4,7.49,7.64,357.9,223,31,-36583,12.1,0.792,Low,Turboshaft,Medium,10.6,33.5,9355,Hover,1,26,Rain,28.9,1.6,-9.6,81,S,Ground Radar,441,0.839,217.5,29,Moderate,No,High,Low,Helicopter
992,Hypersonic Missile,3183.4,29663.8,-1.2916,-68.23067,138,-10.7,7.7,168,-15.3,-3.5,5.75,8.4,93,8.28,2060,18.4,0.069,Low,Scramjet,Very High,2.5,12.5,189464,Glide,7,22,Storm,2.6,4.7,17.4,97,X,IRST,139,0.684,143.5,23,Strong,No,High,Medium,Hypersonic Missile
993,Helicopter,42.6,16003.8,-23.23542,178.79692,169,19.6,-58.5,270,17.7,6.19,23.14,135.3,28,37.36,-8503,37.5,0.71,Low,Turboshaft,Medium,20.2,37.7,71661,Hover,6,6,Rain,26,21.2,7.2,56,X,AWACS,62,0.678,199.5,86,Strong,No,Low,Low,Helicopter
994,Hypersonic Missile,2194.1,44032.5,-8.31122,-124.19521,54,-10,20.8,138,-12.8,19.94,22.28,276.7,225,23.58,-47229,17.2,0.244,Medium,Scramjet,Very High,39.9,41.8,179289,Glide,8,18,Rain,3.8,7.2,23.5,76,X,IRST,297,0.894,42.5,104,Weak,No,Medium,Medium,Hypersonic Missile
995,Helicopter,80.2,3413.7,-39.07503,149.24636,2,-19,-54.6,223,30.6,15.75,3.04,19.2,76,48,-28147,23.7,0.079,Medium,Turboshaft,Medium,18.7,51.6,90084,Hover,2,13,Clear,13.7,19.7,32.4,53,C,Ground Radar,263,0.747,457.1,117,Strong,Yes,Low,Medium,Helicopter
996,UAV,32.2,37840.3,23.10804,84.01463,65,-14.3,-44.4,110,-9.9,16.03,21.37,286.2,4,17.89,24616,15.3,0.355,Very High,Electric,Low,19.7,13.9,194494,Loiter,9,17,Fog,6.7,12.8,30.8,59,C,AWACS,192,0.584,159.8,73,,No,Low,Medium,UAV
997,Ballistic Missile,2045.4,7045.7,-44.06456,56.50902,136,-18.7,28,345,-1.2,-1.27,11.86,353.5,23,24.14,22730,14.4,0.879,Medium,Rocket,Very High,36.7,11.8,166477,Ballistic,6,27,Clear,19.2,18.7,38.4,31,L,AESA,430,0.744,471.8,183,Moderate,No,Medium,High,Ballistic Missile
998,Cruise Missile,241.8,30070,-13.81278,-152.05942,197,-14.1,-32.3,260,29.2,17.69,18.24,79.1,288,20.09,-1546,30.7,0.569,Low,Turbojet,Medium,13.3,3.4,100563,Terrain Following,9,11,Storm,21.4,22.7,3.2,91,C,AESA,354,0.879,412.1,92,Weak,No,High,Low,Cruise Missile
999,Hypersonic Missile,2812.5,4500.3,23.88775,47.69775,17,13.4,18.9,122,-12,-3.36,27.24,190.7,153,43.55,-41077,30.3,0.102,Low,Scramjet,Very High,5.7,32.7,23491,Glide,4,9,Fog,20.5,18.7,0.8,89,L,AWACS,313,0.672,22.4,60,Strong,No,Medium,Medium,Hypersonic Missile
1000,Cruise Missile,190.8,11688.6,49.27337,-44.47841,156,-0.8,42.2,40,-14.9,-4.39,13.49,371.6,28,43.03,-4639,28.5,0.996,Very High,Turbojet,Medium,15.9,14.2,66327,Terrain Following,4,3,Rain,26.6,11.2,8.1,87,C,AWACS,175,0.642,239,157,Moderate,Yes,High,Medium,Cruise Missile
